-- phpMyAdmin SQL Dump
-- version 3.5.5
-- http://www.phpmyadmin.net
--
-- Host: sql5.freesqldatabase.com
-- Generation Time: Sep 09, 2014 at 09:43 PM
-- Server version: 5.5.37-0ubuntu0.14.04.1
-- PHP Version: 5.3.28

SET SQL_MODE="NO_AUTO_VALUE_ON_ZERO";
SET time_zone = "+00:00";


/*!40101 SET @OLD_CHARACTER_SET_CLIENT=@@CHARACTER_SET_CLIENT */;
/*!40101 SET @OLD_CHARACTER_SET_RESULTS=@@CHARACTER_SET_RESULTS */;
/*!40101 SET @OLD_COLLATION_CONNECTION=@@COLLATION_CONNECTION */;
/*!40101 SET NAMES utf8 */;

--
-- Database: `sql551858`
--

-- --------------------------------------------------------

--
-- Table structure for table `accommodation`
--

CREATE TABLE IF NOT EXISTS `accommodation` (
  `id_accommodation` tinyint(3) unsigned NOT NULL AUTO_INCREMENT,
  `full_name` varchar(45) NOT NULL,
  `abbreviation` char(4) NOT NULL,
  PRIMARY KEY (`id_accommodation`),
  UNIQUE KEY `accommodation` (`full_name`),
  UNIQUE KEY `id_accommodation` (`id_accommodation`)
) ENGINE=InnoDB  DEFAULT CHARSET=utf8 AUTO_INCREMENT=21 ;

--
-- Dumping data for table `accommodation`
--

INSERT INTO `accommodation` (`id_accommodation`, `full_name`, `abbreviation`) VALUES
(1, 'Koleje Strahov - 1', 'SH01'),
(2, 'Koleje Strahov - 2', 'SH02'),
(3, 'Koleje Strahov - 3', 'SH03'),
(4, 'Koleje Strahov - 4', 'SH04'),
(5, 'Koleje Strahov - 5', 'SH05'),
(6, 'Koleje Strahov - 6', 'SH06'),
(7, 'Koleje Strahov - 7', 'SH07'),
(8, 'Koleje Strahov - 8', 'SH08'),
(9, 'Koleje Strahov - 9', 'SH09'),
(10, 'Koleje Strahov - 10', 'SH10'),
(11, 'Koleje Strahov - 11', 'SH11'),
(12, 'Koleje Strahov - 12', 'SH12'),
(13, 'Koleje Podolí', 'KP'),
(14, 'Dejvická kolej', 'DK'),
(15, 'Kolej Orlík', 'KO'),
(16, 'Bubenečská kolej', 'BK'),
(17, 'Sinkuleho kolej', 'SK'),
(18, 'Hlávkova kolej', 'HK'),
(19, 'Masarykova kolej', 'MK'),
(20, 'Privát', 'PRIV');

-- --------------------------------------------------------

--
-- Table structure for table `arrivals`
--

CREATE TABLE IF NOT EXISTS `arrivals` (
  `id_user` int(10) unsigned NOT NULL,
  `arrival` datetime NOT NULL,
  `id_transportation` tinyint(3) unsigned NOT NULL,
  `buddy_status` tinyint(3) unsigned DEFAULT NULL,
  `buddy_information` text,
  PRIMARY KEY (`id_user`),
  KEY `fk_transportations` (`id_transportation`)
) ENGINE=InnoDB DEFAULT CHARSET=utf8;

--
-- Dumping data for table `arrivals`
--

INSERT INTO `arrivals` (`id_user`, `arrival`, `id_transportation`, `buddy_status`, `buddy_information`) VALUES
(2, '2014-09-11 13:30:00', 4, NULL, NULL),
(3, '2014-09-13 17:00:00', 4, NULL, NULL),
(4, '2014-09-13 17:00:00', 4, NULL, NULL),
(5, '2014-09-11 20:30:00', 4, NULL, NULL),
(6, '2014-09-12 11:00:00', 4, NULL, NULL),
(7, '2014-09-14 14:30:00', 4, NULL, NULL),
(8, '2014-09-11 09:30:00', 4, NULL, NULL),
(10, '2014-09-11 14:00:00', 4, NULL, NULL),
(12, '2014-09-11 09:30:00', 4, NULL, NULL),
(13, '2014-09-12 11:00:00', 3, NULL, NULL),
(14, '2014-09-12 15:00:00', 4, NULL, NULL),
(15, '2014-09-10 09:30:00', 4, NULL, NULL),
(16, '2014-09-11 09:30:00', 4, NULL, NULL),
(17, '2014-09-12 17:00:00', 3, NULL, NULL),
(19, '2014-09-12 13:30:00', 4, NULL, NULL),
(20, '2014-09-12 09:30:00', 4, NULL, NULL),
(21, '2014-09-11 09:30:00', 4, NULL, NULL),
(22, '2014-09-12 15:00:00', 4, NULL, NULL),
(23, '2014-09-12 13:30:00', 4, NULL, NULL),
(24, '2014-09-12 09:30:00', 2, NULL, NULL),
(27, '2014-09-12 15:00:00', 4, NULL, NULL),
(30, '2014-09-15 09:00:00', 4, NULL, NULL),
(31, '2014-09-13 13:00:00', 2, NULL, NULL),
(34, '2014-09-13 13:30:00', 4, NULL, NULL),
(35, '2014-09-13 19:30:00', 2, NULL, NULL),
(36, '2014-09-14 11:00:00', 4, NULL, NULL),
(38, '2014-09-11 11:00:00', 4, NULL, NULL),
(39, '2014-09-11 10:00:00', 4, NULL, NULL),
(40, '2014-09-10 22:30:00', 4, NULL, NULL),
(41, '2014-09-11 11:30:00', 4, NULL, NULL),
(42, '2014-09-12 06:30:00', 1, NULL, NULL),
(43, '2014-09-15 10:30:00', 4, NULL, NULL),
(44, '2014-09-09 19:00:00', 4, NULL, NULL),
(46, '2014-09-12 15:30:00', 1, NULL, NULL),
(48, '2014-09-12 11:00:00', 4, NULL, NULL),
(49, '2014-09-12 11:00:00', 4, NULL, NULL),
(50, '2014-09-12 14:00:00', 4, NULL, NULL),
(51, '2014-09-12 11:00:00', 4, NULL, NULL),
(52, '2014-09-12 11:00:00', 4, NULL, NULL),
(53, '2014-09-12 10:55:00', 4, NULL, NULL),
(54, '2014-09-10 12:00:00', 4, NULL, NULL),
(55, '2014-09-10 10:00:00', 4, NULL, NULL),
(56, '2014-09-10 11:30:00', 4, NULL, NULL),
(58, '2014-09-11 13:00:00', 4, NULL, NULL),
(60, '2014-09-11 14:30:00', 4, NULL, NULL),
(61, '2014-09-11 14:30:00', 4, NULL, NULL),
(62, '2014-09-12 15:30:00', 4, NULL, NULL),
(63, '2014-09-12 13:30:00', 4, NULL, NULL),
(64, '2014-09-11 12:30:00', 4, NULL, NULL),
(65, '2014-09-16 16:00:00', 4, NULL, NULL),
(66, '2014-09-10 17:30:00', 1, NULL, NULL),
(67, '2014-09-12 18:00:00', 4, NULL, NULL),
(69, '2014-09-12 09:30:00', 4, NULL, NULL),
(70, '2014-09-11 20:00:00', 4, NULL, NULL),
(71, '2014-09-11 20:00:00', 4, NULL, NULL),
(72, '2014-09-11 19:50:00', 4, NULL, NULL),
(73, '2014-09-11 19:50:00', 4, NULL, NULL),
(74, '2014-09-11 20:00:00', 4, NULL, NULL),
(76, '2014-09-11 14:30:00', 4, NULL, NULL),
(77, '2014-09-11 14:30:00', 4, NULL, NULL),
(78, '2014-09-13 17:00:00', 4, NULL, NULL),
(79, '2014-09-10 17:00:00', 4, NULL, NULL),
(81, '2014-09-12 17:00:00', 4, NULL, NULL),
(82, '2014-09-12 17:00:00', 4, NULL, NULL),
(83, '2014-09-11 17:30:00', 4, NULL, NULL),
(84, '2014-09-11 09:00:00', 4, NULL, NULL),
(85, '2014-09-12 22:30:00', 4, NULL, NULL),
(86, '2014-09-14 14:30:00', 2, NULL, NULL),
(87, '2014-09-09 20:00:00', 4, NULL, NULL),
(88, '2014-09-12 01:30:00', 2, NULL, NULL),
(90, '2014-09-10 17:00:00', 4, NULL, NULL),
(91, '2014-09-11 20:30:00', 4, NULL, NULL),
(92, '2014-09-10 17:00:00', 4, NULL, NULL),
(93, '2014-09-10 11:30:00', 4, NULL, NULL),
(94, '2014-09-11 21:00:00', 4, NULL, NULL),
(95, '2014-09-12 16:30:00', 4, NULL, NULL),
(96, '2014-09-12 20:30:00', 4, NULL, NULL),
(97, '2014-09-12 19:50:00', 4, NULL, NULL),
(98, '2014-09-16 09:00:00', 4, NULL, NULL),
(99, '2014-09-12 11:30:00', 1, NULL, NULL),
(102, '2014-09-11 17:30:00', 4, NULL, NULL),
(104, '2014-09-11 13:30:00', 4, NULL, NULL),
(105, '2014-09-11 13:30:00', 4, NULL, NULL),
(107, '2014-09-12 14:00:00', 4, NULL, NULL),
(108, '2014-09-11 14:30:00', 4, NULL, NULL),
(110, '2014-09-12 10:00:00', 4, NULL, NULL),
(111, '2014-09-12 10:00:00', 4, NULL, NULL),
(112, '2014-09-08 09:00:00', 4, NULL, NULL),
(114, '2014-09-11 09:00:00', 4, NULL, NULL),
(117, '2014-09-12 15:30:00', 4, NULL, NULL),
(120, '2014-09-13 12:30:00', 4, NULL, NULL),
(121, '2014-09-15 13:00:00', 4, NULL, NULL),
(122, '2014-09-12 15:30:00', 2, NULL, NULL),
(124, '2014-09-13 12:00:00', 3, NULL, NULL),
(125, '2014-09-07 17:00:00', 4, NULL, NULL),
(126, '2014-09-07 20:30:00', 4, NULL, NULL),
(127, '2014-09-07 20:30:00', 4, NULL, NULL),
(128, '2014-09-14 19:00:00', 1, NULL, NULL),
(130, '2014-09-09 13:00:00', 1, NULL, NULL),
(132, '2014-09-11 17:00:00', 4, NULL, NULL),
(134, '2014-09-14 14:00:00', 4, NULL, NULL),
(139, '2014-09-15 20:30:00', 4, NULL, NULL),
(140, '2014-09-14 18:00:00', 4, NULL, NULL),
(142, '2014-09-07 23:00:00', 4, NULL, NULL),
(143, '2014-09-14 16:00:00', 4, NULL, NULL),
(145, '2014-09-08 16:30:00', 4, NULL, NULL),
(148, '2014-09-11 16:30:00', 4, NULL, NULL),
(149, '2014-09-10 20:30:00', 4, NULL, NULL),
(151, '2014-09-04 20:00:00', 4, NULL, NULL),
(152, '2014-09-11 10:00:00', 4, NULL, NULL),
(154, '2014-08-20 08:30:00', 4, NULL, NULL),
(155, '2014-09-12 18:00:00', 4, NULL, NULL),
(157, '2014-09-10 19:00:00', 2, NULL, NULL),
(159, '2014-09-13 08:00:00', 1, NULL, NULL),
(160, '2014-09-11 21:00:00', 4, NULL, NULL),
(162, '2014-09-11 13:00:00', 4, NULL, NULL),
(163, '2014-09-07 20:30:00', 4, NULL, NULL),
(164, '2014-08-31 15:00:00', 2, NULL, NULL),
(167, '2014-09-11 16:30:00', 4, NULL, NULL),
(168, '2014-09-10 17:30:00', 2, NULL, NULL),
(169, '2014-09-11 09:30:00', 2, NULL, NULL),
(170, '2014-09-11 14:00:00', 4, NULL, NULL),
(171, '2014-09-14 04:30:00', 1, NULL, NULL),
(172, '2014-09-07 13:00:00', 4, NULL, NULL),
(173, '2014-09-10 21:30:00', 4, NULL, NULL),
(174, '2014-09-10 21:00:00', 4, NULL, NULL),
(175, '2014-09-06 18:00:00', 4, NULL, NULL),
(176, '2014-09-11 12:00:00', 4, NULL, NULL),
(177, '2014-09-12 08:00:00', 4, NULL, NULL),
(178, '2014-09-11 14:30:00', 4, NULL, NULL),
(179, '2014-09-11 14:30:00', 4, NULL, NULL),
(182, '2014-09-10 20:30:00', 4, NULL, NULL),
(183, '2014-09-11 16:30:00', 4, NULL, NULL),
(188, '2014-09-13 19:00:00', 3, NULL, NULL),
(189, '2014-09-13 23:30:00', 3, NULL, NULL),
(194, '2014-09-12 15:00:00', 3, NULL, NULL),
(195, '2014-09-12 15:00:00', 3, NULL, NULL),
(197, '2014-09-13 17:00:00', 2, NULL, NULL),
(198, '2014-09-11 17:30:00', 2, NULL, NULL),
(199, '2014-09-13 10:30:00', 1, NULL, NULL),
(200, '2014-09-11 08:30:00', 4, NULL, NULL),
(202, '2014-09-10 20:30:00', 4, NULL, NULL),
(203, '2014-09-14 11:00:00', 4, NULL, NULL),
(205, '2014-09-14 18:00:00', 4, NULL, NULL),
(206, '2014-09-14 20:00:00', 4, NULL, NULL),
(207, '2014-09-10 12:00:00', 4, NULL, NULL),
(208, '2014-09-14 18:00:00', 4, NULL, NULL),
(209, '2014-09-09 19:00:00', 4, NULL, NULL),
(211, '2014-09-10 20:30:00', 4, NULL, NULL),
(213, '2014-09-11 18:00:00', 4, NULL, NULL),
(214, '2014-09-11 18:00:00', 4, NULL, NULL),
(215, '2014-09-12 08:30:00', 3, NULL, NULL),
(216, '2014-09-12 15:00:00', 3, NULL, NULL),
(217, '2014-09-11 18:00:00', 4, NULL, NULL),
(219, '2014-09-11 12:00:00', 3, NULL, NULL),
(220, '2014-09-13 10:00:00', 4, NULL, NULL),
(221, '2014-09-11 11:00:00', 4, NULL, NULL),
(222, '2014-09-10 21:00:00', 4, NULL, NULL),
(223, '2014-09-13 09:00:00', 4, NULL, NULL),
(224, '2014-09-13 09:00:00', 4, NULL, NULL),
(225, '2014-09-13 09:00:00', 4, NULL, NULL),
(228, '2014-09-12 12:30:00', 1, NULL, NULL),
(230, '2014-09-13 08:40:00', 4, NULL, NULL),
(231, '2014-09-14 14:30:00', 4, NULL, NULL),
(232, '2014-09-12 11:30:00', 4, NULL, NULL),
(233, '2014-09-13 21:00:00', 4, NULL, NULL),
(234, '2014-09-13 09:00:00', 4, NULL, NULL),
(235, '2014-09-11 12:00:00', 4, NULL, NULL),
(237, '2014-09-11 14:30:00', 1, NULL, NULL),
(239, '2014-09-11 13:30:00', 2, NULL, NULL),
(240, '2014-09-13 11:30:00', 4, NULL, NULL),
(241, '2014-09-13 17:00:00', 4, NULL, NULL),
(242, '2014-09-10 16:30:00', 4, NULL, NULL),
(243, '2014-09-14 16:00:00', 3, NULL, NULL),
(245, '2014-10-05 03:30:00', 4, NULL, NULL),
(246, '2014-09-01 20:00:00', 3, NULL, NULL),
(247, '2014-08-29 15:00:00', 4, NULL, NULL),
(248, '2014-08-29 15:00:00', 4, NULL, NULL),
(249, '2014-09-14 15:30:00', 4, NULL, NULL),
(252, '2014-09-11 13:00:00', 4, NULL, NULL),
(253, '2014-09-11 13:00:00', 4, NULL, NULL),
(254, '2014-09-11 17:00:00', 4, NULL, NULL),
(255, '2014-09-14 08:30:00', 1, NULL, NULL),
(256, '2014-09-12 08:30:00', 4, NULL, NULL),
(257, '2014-09-12 22:30:00', 4, NULL, NULL),
(259, '2014-09-11 16:30:00', 4, NULL, NULL),
(260, '2014-09-11 16:30:00', 4, NULL, NULL),
(261, '2014-09-11 16:30:00', 4, NULL, NULL),
(262, '2014-09-12 10:00:00', 4, NULL, NULL),
(263, '2014-09-13 17:00:00', 4, NULL, NULL),
(264, '2014-09-03 13:00:00', 4, NULL, NULL),
(266, '2014-09-12 18:00:00', 4, NULL, NULL),
(267, '2014-09-11 13:30:00', 4, NULL, NULL),
(268, '2014-09-11 14:30:00', 4, NULL, NULL),
(270, '2014-09-11 13:00:00', 4, NULL, NULL),
(271, '2014-09-11 17:00:00', 4, NULL, NULL),
(272, '2014-09-11 17:00:00', 4, NULL, NULL),
(273, '2014-09-11 09:00:00', 4, NULL, NULL),
(275, '2014-09-14 16:00:00', 4, NULL, NULL),
(276, '2014-09-11 13:00:00', 4, NULL, NULL),
(280, '2014-09-12 17:00:00', 3, NULL, NULL),
(283, '2014-09-14 14:00:00', 4, NULL, NULL),
(287, '2014-09-13 15:00:00', 4, NULL, NULL),
(289, '2014-09-11 16:00:00', 3, NULL, NULL),
(291, '2014-09-12 17:00:00', 4, NULL, NULL),
(292, '2014-09-11 10:30:00', 3, NULL, NULL),
(294, '2014-09-11 12:00:00', 4, NULL, NULL),
(295, '2014-09-11 22:00:00', 4, NULL, NULL),
(296, '2014-09-04 20:30:00', 4, NULL, NULL),
(298, '2014-09-12 16:45:00', 4, NULL, NULL),
(299, '2014-09-12 11:00:00', 4, NULL, NULL),
(300, '2014-09-12 10:30:00', 4, NULL, NULL),
(301, '2014-09-12 09:00:00', 1, NULL, NULL),
(303, '2014-09-03 17:00:00', 1, NULL, NULL),
(305, '2014-09-01 17:00:00', 2, NULL, NULL),
(306, '2014-09-11 11:30:00', 4, NULL, NULL),
(308, '2014-09-11 00:00:00', 4, NULL, NULL),
(309, '2014-09-13 14:30:00', 2, NULL, NULL),
(314, '2014-09-13 15:30:00', 1, NULL, NULL),
(315, '2014-09-11 16:00:00', 3, NULL, NULL),
(316, '2014-09-11 16:00:00', 3, NULL, NULL),
(317, '2014-09-12 17:00:00', 3, NULL, NULL),
(319, '2014-09-12 23:30:00', 4, NULL, NULL),
(320, '2014-09-11 22:00:00', 4, NULL, NULL),
(322, '2014-09-14 11:00:00', 4, NULL, NULL),
(326, '2014-09-11 21:00:00', 4, NULL, NULL),
(327, '2014-09-10 09:00:00', 4, NULL, NULL),
(328, '2014-09-11 20:30:00', 4, NULL, NULL),
(329, '2014-09-10 11:30:00', 4, NULL, NULL),
(330, '2014-09-11 11:00:00', 4, NULL, NULL),
(331, '2014-09-11 11:00:00', 4, NULL, NULL),
(338, '2014-09-13 07:30:00', 4, NULL, NULL),
(340, '2014-09-09 20:00:00', 4, NULL, NULL),
(342, '2014-09-11 04:00:00', 4, NULL, NULL),
(345, '2014-09-13 10:05:00', 4, NULL, NULL),
(346, '2014-09-13 10:00:00', 4, NULL, NULL),
(347, '2014-09-12 10:00:00', 4, NULL, NULL),
(348, '2014-09-12 20:30:00', 4, NULL, NULL),
(349, '2014-09-13 10:00:00', 4, NULL, NULL),
(351, '2014-09-11 12:00:00', 4, NULL, NULL),
(353, '2014-09-11 14:30:00', 4, NULL, NULL),
(354, '2014-09-11 14:30:00', 4, NULL, NULL),
(355, '2014-09-13 20:30:00', 4, NULL, NULL),
(356, '2014-09-12 14:00:00', 4, NULL, NULL),
(358, '2014-09-12 11:30:00', 4, NULL, NULL),
(360, '2014-09-12 16:30:00', 4, NULL, NULL),
(363, '2014-09-12 14:00:00', 4, NULL, NULL),
(364, '2014-09-13 18:00:00', 4, NULL, NULL),
(365, '2014-09-14 17:00:00', 4, NULL, NULL),
(366, '2014-09-14 16:50:00', 4, NULL, NULL),
(367, '2014-09-14 17:00:00', 4, NULL, NULL),
(368, '2014-09-14 17:00:00', 4, NULL, NULL),
(369, '2014-09-14 17:00:00', 4, NULL, NULL),
(370, '2014-09-11 13:00:00', 4, NULL, NULL),
(372, '2014-09-11 19:00:00', 1, NULL, NULL),
(374, '2014-09-12 12:30:00', 2, NULL, NULL),
(375, '2014-09-12 12:30:00', 2, NULL, NULL),
(377, '2014-09-13 13:30:00', 1, NULL, NULL),
(378, '2014-09-18 12:00:00', 1, NULL, NULL),
(379, '2014-09-06 16:00:00', 4, NULL, NULL),
(380, '2014-09-11 13:00:00', 4, NULL, NULL),
(381, '2014-09-11 13:30:00', 4, NULL, NULL),
(383, '2014-09-11 12:00:00', 4, NULL, NULL),
(385, '2014-09-12 17:00:00', 4, NULL, NULL),
(386, '2014-09-14 17:00:00', 4, NULL, NULL),
(387, '2014-09-13 13:00:00', 4, NULL, NULL),
(389, '2014-09-27 19:00:00', 4, NULL, NULL),
(390, '2014-09-13 01:30:00', 4, NULL, NULL),
(391, '2014-09-14 18:00:00', 3, NULL, NULL),
(392, '2014-09-15 19:30:00', 3, NULL, NULL),
(393, '2014-09-15 19:30:00', 4, NULL, NULL),
(395, '2014-09-13 21:30:00', 2, NULL, NULL),
(396, '2014-09-14 08:00:00', 1, NULL, NULL),
(397, '2014-09-15 17:00:00', 4, NULL, NULL),
(398, '2014-09-15 17:00:00', 4, NULL, NULL),
(399, '2014-09-15 17:00:00', 4, NULL, NULL),
(400, '2014-09-01 19:00:00', 4, NULL, NULL),
(403, '2014-09-13 12:00:00', 3, NULL, NULL),
(404, '2014-09-13 13:00:00', 3, NULL, NULL),
(406, '2014-09-15 21:30:00', 4, NULL, NULL),
(407, '2014-09-11 22:00:00', 4, NULL, NULL),
(408, '2014-09-11 20:30:00', 4, NULL, NULL),
(409, '2014-09-11 09:30:00', 1, NULL, NULL),
(410, '2014-09-11 13:00:00', 4, NULL, NULL),
(412, '2014-09-08 21:00:00', 4, NULL, NULL),
(421, '2014-09-13 21:30:00', 4, NULL, NULL),
(422, '2014-09-05 14:00:00', 4, NULL, NULL),
(424, '2014-09-23 17:00:00', 1, NULL, NULL),
(425, '2014-09-11 14:30:00', 4, NULL, NULL),
(428, '2014-09-14 19:30:00', 1, NULL, NULL),
(431, '2014-08-28 00:30:00', 4, NULL, NULL),
(432, '2014-09-13 15:00:00', 3, NULL, NULL),
(761, '2014-09-12 13:30:00', 4, NULL, NULL),
(762, '2014-09-04 21:00:00', 4, NULL, NULL),
(763, '2014-09-12 13:00:00', 3, NULL, NULL),
(767, '2014-09-08 19:30:00', 4, NULL, NULL),
(768, '2014-09-24 19:00:00', 4, NULL, NULL),
(769, '2014-09-14 19:00:00', 4, NULL, NULL),
(771, '2014-09-14 04:30:00', 4, NULL, NULL),
(772, '2014-09-05 11:00:00', 4, NULL, NULL),
(773, '2014-09-22 13:30:00', 4, NULL, NULL),
(774, '2014-09-10 11:00:00', 4, NULL, NULL),
(775, '2014-09-14 19:00:00', 4, NULL, NULL),
(776, '2014-09-13 14:00:00', 4, NULL, NULL),
(777, '2014-09-09 13:30:00', 4, NULL, NULL),
(778, '2014-09-15 10:00:00', 4, NULL, NULL);

-- --------------------------------------------------------

--
-- Table structure for table `buddies`
--

CREATE TABLE IF NOT EXISTS `buddies` (
  `id_user` int(10) unsigned NOT NULL,
  `id_faculty` tinyint(3) unsigned DEFAULT NULL,
  `about` text,
  `phone` varchar(15) DEFAULT NULL,
  `active` enum('y','n') NOT NULL DEFAULT 'y',
  PRIMARY KEY (`id_user`),
  KEY `id_faculty` (`id_faculty`)
) ENGINE=InnoDB DEFAULT CHARSET=utf8;

--
-- Dumping data for table `buddies`
--

INSERT INTO `buddies` (`id_user`, `id_faculty`, `about`, `phone`, `active`) VALUES
(1, 5, NULL, '823030433', 'y'),
(435, 6, NULL, '668169785', 'y'),
(436, 4, NULL, '871757655', 'y'),
(437, 8, NULL, '354278952', 'y'),
(438, NULL, NULL, '156121826', 'y'),
(439, 7, NULL, '717772304', 'y'),
(440, 7, NULL, '120496072', 'y'),
(441, 4, NULL, '449163479', 'y'),
(442, 4, NULL, '884329211', 'y'),
(443, 4, NULL, '74155647', 'y'),
(444, 6, NULL, '717790635', 'y'),
(445, 1, NULL, '366486264', 'y'),
(446, 4, NULL, '679059445', 'y'),
(447, 8, NULL, '295838462', 'y'),
(448, NULL, NULL, '442014009', 'y'),
(449, 4, NULL, '322554689', 'y'),
(450, 5, NULL, '286731449', 'y'),
(451, 3, NULL, '465993209', 'y'),
(452, 3, NULL, '469771729', 'y'),
(453, 4, NULL, '950879049', 'y'),
(454, 1, NULL, '345080090', 'y'),
(456, 7, NULL, '872763333', 'y'),
(457, 1, NULL, '328576424', 'y'),
(458, 5, NULL, '24592155', 'y'),
(459, 8, NULL, '137231531', 'y'),
(460, 7, NULL, '612381220', 'y'),
(461, 8, NULL, '650211541', 'y'),
(462, 3, NULL, '413914073', 'y'),
(463, 5, NULL, '118935772', 'y'),
(464, 5, NULL, '352936674', 'y'),
(465, NULL, NULL, '407876085', 'y'),
(466, 5, NULL, '980570433', 'y'),
(467, 4, NULL, '679223939', 'y'),
(468, 4, NULL, '454408430', 'y'),
(469, 3, NULL, '234370362', 'y'),
(470, 5, NULL, '808626552', 'y'),
(471, 7, NULL, '340021704', 'y'),
(472, 7, NULL, '274228893', 'y'),
(473, 7, NULL, '351079387', 'y'),
(474, 8, NULL, '932710285', 'y'),
(475, 1, NULL, '610313296', 'y'),
(476, 9, NULL, '253435655', 'y'),
(477, 4, NULL, '436238417', 'y'),
(478, NULL, NULL, '420885151', 'y'),
(479, NULL, NULL, '795710534', 'y'),
(480, 7, NULL, '715897247', 'y'),
(481, 7, NULL, '192354664', 'y'),
(482, 9, NULL, '814081612', 'y'),
(483, 8, NULL, '493344097', 'y'),
(484, 5, NULL, '24475680', 'y'),
(485, 10, NULL, '642346139', 'y'),
(486, NULL, NULL, '138303685', 'y'),
(487, NULL, NULL, '764480040', 'y'),
(488, 4, NULL, '407489176', 'y'),
(489, 5, NULL, '744005792', 'y'),
(490, NULL, NULL, '497561460', 'y'),
(491, 5, NULL, '255789955', 'y'),
(492, 10, NULL, '786265428', 'y'),
(494, 10, NULL, '163957304', 'y'),
(496, 4, NULL, '460990269', 'y'),
(497, 5, NULL, '813079463', 'y'),
(498, NULL, NULL, '682426539', 'y'),
(499, NULL, NULL, '972894336', 'y'),
(500, 2, NULL, '817192094', 'y'),
(501, 8, NULL, '167277494', 'y'),
(502, 10, NULL, '384811216', 'y'),
(503, 5, NULL, '422223632', 'y'),
(504, 8, NULL, '956684540', 'y'),
(505, 4, NULL, '516751836', 'y'),
(506, 7, NULL, '713705589', 'y'),
(507, NULL, NULL, '18272468', 'y'),
(508, 10, NULL, '950245604', 'y'),
(509, 4, NULL, '696410646', 'y'),
(510, 7, NULL, '631316451', 'y'),
(511, 4, NULL, '67350347', 'y'),
(512, 8, NULL, '442802411', 'y'),
(513, 1, NULL, '11961046', 'y'),
(514, 8, NULL, '731398026', 'y'),
(515, 5, NULL, '621107025', 'y'),
(516, 4, NULL, '911341076', 'y'),
(517, 8, NULL, '693384335', 'y'),
(518, 4, NULL, '732898479', 'y'),
(519, 1, NULL, '584339421', 'y'),
(520, 1, NULL, '723001698', 'y'),
(521, 8, NULL, '861990257', 'y'),
(522, 5, NULL, '140946223', 'y'),
(523, 1, NULL, '118760373', 'y'),
(524, 8, NULL, '170963226', 'y'),
(526, NULL, NULL, '498535043', 'y'),
(527, 1, NULL, '979785568', 'y'),
(528, 5, NULL, '403322742', 'y'),
(529, 5, NULL, '77257035', 'y'),
(530, NULL, NULL, '176316982', 'y'),
(531, 8, NULL, '649813836', 'y'),
(532, 7, NULL, '720118264', 'y'),
(533, 6, NULL, '651149844', 'y'),
(534, 1, NULL, '95394460', 'y'),
(535, 1, NULL, '523522796', 'y'),
(536, 1, NULL, '331430630', 'y'),
(537, 4, NULL, '86584794', 'y'),
(538, 10, NULL, '438632112', 'y'),
(539, 9, NULL, '933406210', 'y'),
(540, 1, NULL, '351134741', 'y'),
(541, 5, NULL, '955455108', 'y'),
(542, 9, NULL, '723871345', 'y'),
(543, NULL, NULL, '752991435', 'y'),
(544, 4, NULL, '593343169', 'y'),
(545, NULL, NULL, '707741571', 'y'),
(546, 5, NULL, '758678380', 'y'),
(547, 5, NULL, '670167218', 'y'),
(548, 8, NULL, '74800978', 'y'),
(549, 4, NULL, '363503270', 'y'),
(550, 10, NULL, '593113446', 'y'),
(551, 10, NULL, '875057451', 'y'),
(552, 8, NULL, '595946949', 'y'),
(553, 8, NULL, '354562420', 'y'),
(554, 9, NULL, '984971284', 'y'),
(555, 8, NULL, '861169191', 'y'),
(557, 7, NULL, '350932134', 'y'),
(558, 8, NULL, '171153126', 'y'),
(559, NULL, NULL, '802969262', 'y'),
(560, 6, NULL, '501386961', 'y'),
(561, 8, NULL, '98027048', 'y'),
(562, 4, NULL, '985974388', 'y'),
(563, 7, NULL, '635790828', 'y'),
(564, 3, NULL, '221031008', 'y'),
(565, 1, NULL, '197782584', 'y'),
(566, 1, NULL, '325819927', 'y'),
(567, 8, NULL, '35751913', 'y'),
(568, 4, NULL, '201299815', 'y'),
(569, 1, NULL, '899243366', 'y'),
(570, NULL, NULL, '892317416', 'y'),
(571, 8, NULL, '763857013', 'y'),
(572, NULL, NULL, '142332849', 'y'),
(573, 4, NULL, '420093237', 'y'),
(574, 4, NULL, '673467667', 'y'),
(575, 2, NULL, '107058657', 'y'),
(576, 5, NULL, '514890315', 'y'),
(577, 2, NULL, '253275636', 'y'),
(578, 7, NULL, '721707264', 'y'),
(579, NULL, NULL, '848709442', 'y'),
(580, NULL, NULL, '78425448', 'y'),
(581, 2, NULL, '845998944', 'y'),
(582, 2, NULL, '994718406', 'y'),
(583, 2, NULL, '435595232', 'y'),
(584, 2, NULL, '193820969', 'y'),
(585, NULL, NULL, '662319183', 'y'),
(586, 2, NULL, '730133038', 'y'),
(587, 8, NULL, '663707670', 'y'),
(588, NULL, NULL, '128139270', 'y'),
(589, 7, NULL, '649573368', 'y'),
(590, 2, NULL, '863449060', 'y'),
(591, 2, NULL, '368525229', 'y'),
(593, 2, NULL, '252278994', 'y'),
(594, NULL, NULL, '155819315', 'y'),
(595, 1, NULL, '22259622', 'y'),
(597, 10, NULL, '643840196', 'y'),
(598, 10, NULL, '152422146', 'y'),
(599, 8, NULL, '830590173', 'y'),
(600, 7, NULL, '695684455', 'y'),
(601, 2, NULL, '986651788', 'y'),
(602, 9, NULL, '846205608', 'y'),
(603, 8, NULL, '271072705', 'y'),
(604, NULL, NULL, '816746730', 'y'),
(605, 5, NULL, '270515568', 'y'),
(606, 4, NULL, '902337680', 'y'),
(608, 1, NULL, '700141725', 'y'),
(609, 8, NULL, '793695616', 'y'),
(610, 5, NULL, '868052938', 'y'),
(611, 2, NULL, '959177871', 'y'),
(612, 7, NULL, '191730573', 'y'),
(613, 8, NULL, '81119282', 'y'),
(614, 10, NULL, '830404723', 'y'),
(615, 1, NULL, '908665799', 'y'),
(616, 8, NULL, '52114855', 'y'),
(617, 4, NULL, '534576908', 'y'),
(618, 8, NULL, '516540008', 'y'),
(619, 10, NULL, '978969347', 'y'),
(620, 4, NULL, '345226740', 'y'),
(621, 5, NULL, '789225690', 'y'),
(622, 4, NULL, '910448261', 'y'),
(623, 4, NULL, '184564264', 'y'),
(624, 4, NULL, '191476568', 'y'),
(625, 5, NULL, '403690079', 'y'),
(626, 5, NULL, '444020721', 'y'),
(627, NULL, NULL, '9033398', 'y'),
(628, 9, NULL, '713104858', 'y'),
(629, 4, NULL, '538424126', 'y'),
(630, NULL, NULL, '552806089', 'y'),
(631, 7, NULL, '148758098', 'y'),
(632, NULL, NULL, '85372252', 'y'),
(633, 5, NULL, '980586995', 'y'),
(634, 2, NULL, '646818253', 'y'),
(635, 5, NULL, '292330309', 'y'),
(636, 4, NULL, '521196818', 'y'),
(637, NULL, NULL, '728993191', 'y'),
(638, 8, NULL, '81375534', 'y'),
(639, 8, NULL, '219898126', 'y'),
(640, NULL, NULL, '855364061', 'y'),
(641, 5, NULL, '617125956', 'y'),
(642, 4, NULL, '519537628', 'y'),
(643, 2, NULL, '746310304', 'y'),
(644, 8, NULL, '172938665', 'y'),
(645, 6, NULL, '625762443', 'y'),
(646, 5, NULL, '609996250', 'y'),
(647, 10, NULL, '172693955', 'y'),
(648, 4, NULL, '33481054', 'y'),
(649, 7, NULL, '649323436', 'y'),
(650, 8, NULL, '146174049', 'y'),
(651, 3, NULL, '782899968', 'y'),
(652, 5, NULL, '475977724', 'y'),
(653, 1, NULL, '31188746', 'y'),
(654, 8, NULL, '728010589', 'y'),
(655, 7, NULL, '546486738', 'y'),
(656, 7, NULL, '548401952', 'y'),
(657, 6, NULL, '102549579', 'y'),
(658, 6, NULL, '867542069', 'y'),
(659, 4, NULL, '30061640', 'y'),
(660, 8, NULL, '547682022', 'y'),
(661, 5, NULL, '648225222', 'y'),
(662, 9, NULL, '598080076', 'y'),
(663, 1, NULL, '45724743', 'y'),
(664, 6, NULL, '434383518', 'y'),
(665, 1, NULL, '34743394', 'y'),
(666, 1, NULL, '870566444', 'y'),
(667, 4, NULL, '248602071', 'y'),
(668, 4, NULL, '631311053', 'y'),
(669, 1, NULL, '410749083', 'y'),
(670, 10, NULL, '159812286', 'y'),
(671, NULL, NULL, '566814211', 'y'),
(672, 5, NULL, '354634228', 'y'),
(673, 6, NULL, '72728536', 'y'),
(674, NULL, NULL, '299740029', 'y'),
(675, 6, NULL, '280514566', 'y'),
(676, 2, NULL, '503352777', 'y'),
(677, 4, NULL, '675220214', 'y'),
(678, 1, NULL, '866042773', 'y'),
(679, 4, NULL, '304553253', 'y'),
(680, 3, NULL, '924637976', 'y'),
(681, NULL, NULL, '709530152', 'y'),
(682, 7, NULL, '773736863', 'y'),
(683, 4, NULL, '740093890', 'y'),
(684, 1, NULL, '379258893', 'y'),
(685, 1, NULL, '676012824', 'y'),
(686, 5, NULL, '242287472', 'y'),
(687, 1, NULL, '183398919', 'y'),
(688, 1, NULL, '190132211', 'y'),
(689, 5, NULL, '400464328', 'y'),
(690, 1, NULL, '431925039', 'y'),
(691, NULL, NULL, '958232242', 'y'),
(692, 10, NULL, '495386121', 'y'),
(693, 9, NULL, '602233912', 'y'),
(694, 3, NULL, '525011229', 'y'),
(695, 1, NULL, '818354438', 'y'),
(696, 6, NULL, '516738534', 'y'),
(697, NULL, NULL, '128629385', 'y'),
(698, 4, NULL, '92931354', 'y'),
(699, 1, NULL, '78768645', 'y'),
(700, 9, NULL, '115049193', 'y'),
(701, 10, NULL, '338940061', 'y'),
(702, 4, NULL, '349552757', 'y'),
(703, 4, NULL, '730943635', 'y'),
(704, NULL, NULL, '606059933', 'y'),
(705, 10, NULL, '837468790', 'y'),
(706, 8, NULL, '369164181', 'y'),
(707, 6, NULL, '333414568', 'y'),
(708, 5, NULL, '559580327', 'y'),
(709, 1, NULL, '797657960', 'y'),
(710, 4, NULL, '309548850', 'y'),
(711, 2, NULL, '154770403', 'y'),
(712, 2, NULL, '845205496', 'y'),
(713, 2, NULL, '761716300', 'y'),
(714, 1, NULL, '272965045', 'y'),
(715, 7, NULL, '79676354', 'y'),
(716, 3, NULL, '579486668', 'y'),
(717, 7, NULL, '658404306', 'y'),
(718, 8, NULL, '553561559', 'y'),
(719, 7, NULL, '792594905', 'y'),
(720, 10, NULL, '302289879', 'y'),
(721, 8, NULL, '133664712', 'y'),
(722, 4, NULL, '761453955', 'y'),
(723, 6, NULL, '406275669', 'y'),
(724, 4, NULL, '747016513', 'y'),
(725, 5, NULL, '516255585', 'y'),
(726, 8, NULL, '340228418', 'y'),
(727, 4, NULL, '152375367', 'y'),
(728, 5, NULL, '741191610', 'y'),
(729, 5, NULL, '248831978', 'y'),
(731, 4, NULL, '20585094', 'y'),
(732, 6, NULL, '356429564', 'y'),
(733, 2, NULL, '720392571', 'y'),
(734, NULL, NULL, '532674191', 'y'),
(735, 10, NULL, '502193274', 'y'),
(736, 5, NULL, '912943830', 'y'),
(737, 3, NULL, '58139356', 'y'),
(738, 5, NULL, '551865321', 'y'),
(739, 1, NULL, '584908569', 'y'),
(740, 5, NULL, '268946911', 'y'),
(741, 7, NULL, '590008881', 'y'),
(742, 4, NULL, '143203704', 'y'),
(743, 6, NULL, '945991905', 'y'),
(744, 8, NULL, '300348446', 'y'),
(745, 1, NULL, '663766545', 'y'),
(746, 9, NULL, '417787417', 'y'),
(747, 4, NULL, '97637482', 'y'),
(748, 8, NULL, '234825189', 'y'),
(749, NULL, NULL, '881213532', 'y'),
(750, 2, NULL, '701592121', 'y'),
(752, 8, NULL, '864320041', 'y'),
(779, 6, NULL, '216823871', 'y'),
(780, 1, NULL, '491159262', 'y'),
(781, 1, NULL, '805324727', 'y'),
(782, 5, NULL, '553145883', 'y'),
(783, 7, NULL, '349755264', 'y'),
(784, 4, NULL, '89338702', 'y'),
(785, 4, NULL, '397427749', 'y'),
(786, NULL, NULL, '719122670', 'y'),
(787, 7, NULL, '403330135', 'y'),
(788, NULL, NULL, '859282693', 'y');

-- --------------------------------------------------------

--
-- Table structure for table `countries`
--

CREATE TABLE IF NOT EXISTS `countries` (
  `id_country` smallint(5) unsigned NOT NULL AUTO_INCREMENT,
  `full_name` varchar(44) NOT NULL,
  `two_letters` char(2) NOT NULL,
  `three_letters` char(3) NOT NULL,
  PRIMARY KEY (`id_country`),
  UNIQUE KEY `id_country` (`id_country`),
  UNIQUE KEY `two_letters` (`two_letters`),
  UNIQUE KEY `three_letters` (`three_letters`)
) ENGINE=InnoDB  DEFAULT CHARSET=utf8 AUTO_INCREMENT=248 ;

--
-- Dumping data for table `countries`
--

INSERT INTO `countries` (`id_country`, `full_name`, `two_letters`, `three_letters`) VALUES
(1, 'Afghanistan', 'AF', 'AFG'),
(2, 'Aland Islands', 'AX', 'ALA'),
(3, 'Albania', 'AL', 'ALB'),
(4, 'Algeria', 'DZ', 'DZA'),
(5, 'American Samoa', 'AS', 'ASM'),
(6, 'Andorra', 'AD', 'AND'),
(7, 'Angola', 'AO', 'AGO'),
(8, 'Anguilla', 'AI', 'AIA'),
(9, 'Antarctica', 'AQ', 'ATA'),
(10, 'Antigua and Barbuda', 'AG', 'ATG'),
(11, 'Argentina', 'AR', 'ARG'),
(12, 'Armenia', 'AM', 'ARM'),
(13, 'Aruba', 'AW', 'ABW'),
(14, 'Australia', 'AU', 'AUS'),
(15, 'Austria', 'AT', 'AUT'),
(16, 'Azerbaijan', 'AZ', 'AZE'),
(17, 'Bahamas', 'BS', 'BHS'),
(18, 'Bahrain', 'BH', 'BHR'),
(19, 'Bangladesh', 'BD', 'BGD'),
(20, 'Barbados', 'BB', 'BRB'),
(21, 'Belarus', 'BY', 'BLR'),
(22, 'Belgium', 'BE', 'BEL'),
(23, 'Belize', 'BZ', 'BLZ'),
(24, 'Benin', 'BJ', 'BEN'),
(25, 'Bermuda', 'BM', 'BMU'),
(26, 'Bhutan', 'BT', 'BTN'),
(27, 'Bolivia', 'BO', 'BOL'),
(28, 'Bosnia and Herzegovina', 'BA', 'BIH'),
(29, 'Botswana', 'BW', 'BWA'),
(30, 'Bouvet Island', 'BV', 'BVT'),
(31, 'Brazil', 'BR', 'BRA'),
(32, 'British Virgin Islands', 'VG', 'VGB'),
(33, 'British Indian Ocean Territory', 'IO', 'IOT'),
(34, 'Brunei Darussalam', 'BN', 'BRN'),
(35, 'Bulgaria', 'BG', 'BGR'),
(36, 'Burkina Faso', 'BF', 'BFA'),
(37, 'Burundi', 'BI', 'BDI'),
(38, 'Cambodia', 'KH', 'KHM'),
(39, 'Cameroon', 'CM', 'CMR'),
(40, 'Canada', 'CA', 'CAN'),
(41, 'Cape Verde', 'CV', 'CPV'),
(42, 'Cayman Islands', 'KY', 'CYM'),
(43, 'Central African Republic', 'CF', 'CAF'),
(44, 'Chad', 'TD', 'TCD'),
(45, 'Chile', 'CL', 'CHL'),
(46, 'China', 'CN', 'CHN'),
(47, 'Hong Kong', 'HK', 'HKG'),
(48, 'Macao', 'MO', 'MAC'),
(49, 'Christmas Island', 'CX', 'CXR'),
(50, 'Cocos (Keeling) Islands', 'CC', 'CCK'),
(51, 'Colombia', 'CO', 'COL'),
(52, 'Comoros', 'KM', 'COM'),
(53, 'Congo', 'CG', 'COG'),
(54, 'Democratic Republic of the Congo', 'CD', 'COD'),
(55, 'Cook Islands', 'CK', 'COK'),
(56, 'Costa Rica', 'CR', 'CRI'),
(57, 'Côte d''Ivoire', 'CI', 'CIV'),
(58, 'Croatia', 'HR', 'HRV'),
(59, 'Cuba', 'CU', 'CUB'),
(60, 'Cyprus', 'CY', 'CYP'),
(61, 'Czech Republic', 'CZ', 'CZE'),
(62, 'Denmark', 'DK', 'DNK'),
(63, 'Djibouti', 'DJ', 'DJI'),
(64, 'Dominica', 'DM', 'DMA'),
(65, 'Dominican Republic', 'DO', 'DOM'),
(66, 'Ecuador', 'EC', 'ECU'),
(67, 'Egypt', 'EG', 'EGY'),
(68, 'El Salvador', 'SV', 'SLV'),
(69, 'Equatorial Guinea', 'GQ', 'GNQ'),
(70, 'Eritrea', 'ER', 'ERI'),
(71, 'Estonia', 'EE', 'EST'),
(72, 'Ethiopia', 'ET', 'ETH'),
(73, 'Falkland Islands (Malvinas)', 'FK', 'FLK'),
(74, 'Faroe Islands', 'FO', 'FRO'),
(75, 'Fiji', 'FJ', 'FJI'),
(76, 'Finland', 'FI', 'FIN'),
(77, 'France', 'FR', 'FRA'),
(78, 'French Guiana', 'GF', 'GUF'),
(79, 'French Polynesia', 'PF', 'PYF'),
(80, 'French Southern Territories', 'TF', 'ATF'),
(81, 'Gabon', 'GA', 'GAB'),
(82, 'Gambia', 'GM', 'GMB'),
(83, 'Georgia', 'GE', 'GEO'),
(84, 'Germany', 'DE', 'DEU'),
(85, 'Ghana', 'GH', 'GHA'),
(86, 'Gibraltar', 'GI', 'GIB'),
(87, 'Greece', 'GR', 'GRC'),
(88, 'Greenland', 'GL', 'GRL'),
(89, 'Grenada', 'GD', 'GRD'),
(90, 'Guadeloupe', 'GP', 'GLP'),
(91, 'Guam', 'GU', 'GUM'),
(92, 'Guatemala', 'GT', 'GTM'),
(93, 'Guernsey', 'GG', 'GGY'),
(94, 'Guinea', 'GN', 'GIN'),
(95, 'Guinea-Bissau', 'GW', 'GNB'),
(96, 'Guyana', 'GY', 'GUY'),
(97, 'Haiti', 'HT', 'HTI'),
(98, 'Heard Island and Mcdonald Islands', 'HM', 'HMD'),
(99, 'Holy See (Vatican City State)', 'VA', 'VAT'),
(100, 'Honduras', 'HN', 'HND'),
(101, 'Hungary', 'HU', 'HUN'),
(102, 'Iceland', 'IS', 'ISL'),
(103, 'India', 'IN', 'IND'),
(104, 'Indonesia', 'ID', 'IDN'),
(105, 'Islamic Republic of Iran', 'IR', 'IRN'),
(106, 'Iraq', 'IQ', 'IRQ'),
(107, 'Ireland', 'IE', 'IRL'),
(108, 'Isle of Man', 'IM', 'IMN'),
(109, 'Israel', 'IL', 'ISR'),
(110, 'Italy', 'IT', 'ITA'),
(111, 'Jamaica', 'JM', 'JAM'),
(112, 'Japan', 'JP', 'JPN'),
(113, 'Jersey', 'JE', 'JEY'),
(114, 'Jordan', 'JO', 'JOR'),
(115, 'Kazakhstan', 'KZ', 'KAZ'),
(116, 'Kenya', 'KE', 'KEN'),
(117, 'Kiribati', 'KI', 'KIR'),
(118, 'Democratic People''s Republic of Korea', 'KP', 'PRK'),
(119, 'Republic of Korea', 'KR', 'KOR'),
(120, 'Kuwait', 'KW', 'KWT'),
(121, 'Kyrgyzstan', 'KG', 'KGZ'),
(122, 'Lao PDR', 'LA', 'LAO'),
(123, 'Latvia', 'LV', 'LVA'),
(124, 'Lebanon', 'LB', 'LBN'),
(125, 'Lesotho', 'LS', 'LSO'),
(126, 'Liberia', 'LR', 'LBR'),
(127, 'Libya', 'LY', 'LBY'),
(128, 'Liechtenstein', 'LI', 'LIE'),
(129, 'Lithuania', 'LT', 'LTU'),
(130, 'Luxembourg', 'LU', 'LUX'),
(131, 'Republic of Macedonia', 'MK', 'MKD'),
(132, 'Madagascar', 'MG', 'MDG'),
(133, 'Malawi', 'MW', 'MWI'),
(134, 'Malaysia', 'MY', 'MYS'),
(135, 'Maldives', 'MV', 'MDV'),
(136, 'Mali', 'ML', 'MLI'),
(137, 'Malta', 'MT', 'MLT'),
(138, 'Marshall Islands', 'MH', 'MHL'),
(139, 'Martinique', 'MQ', 'MTQ'),
(140, 'Mauritania', 'MR', 'MRT'),
(141, 'Mauritius', 'MU', 'MUS'),
(142, 'Mayotte', 'YT', 'MYT'),
(143, 'Mexico', 'MX', 'MEX'),
(144, 'Federated States of Micronesia', 'FM', 'FSM'),
(145, 'Moldova', 'MD', 'MDA'),
(146, 'Monaco', 'MC', 'MCO'),
(147, 'Mongolia', 'MN', 'MNG'),
(148, 'Montenegro', 'ME', 'MNE'),
(149, 'Montserrat', 'MS', 'MSR'),
(150, 'Morocco', 'MA', 'MAR'),
(151, 'Mozambique', 'MZ', 'MOZ'),
(152, 'Myanmar', 'MM', 'MMR'),
(153, 'Namibia', 'NA', 'NAM'),
(154, 'Nauru', 'NR', 'NRU'),
(155, 'Nepal', 'NP', 'NPL'),
(156, 'Netherlands', 'NL', 'NLD'),
(157, 'Netherlands Antilles', 'AN', 'ANT'),
(158, 'New Caledonia', 'NC', 'NCL'),
(159, 'New Zealand', 'NZ', 'NZL'),
(160, 'Nicaragua', 'NI', 'NIC'),
(161, 'Niger', 'NE', 'NER'),
(162, 'Nigeria', 'NG', 'NGA'),
(163, 'Niue', 'NU', 'NIU'),
(164, 'Norfolk Island', 'NF', 'NFK'),
(165, 'Northern Mariana Islands', 'MP', 'MNP'),
(166, 'Norway', 'NO', 'NOR'),
(167, 'Oman', 'OM', 'OMN'),
(168, 'Pakistan', 'PK', 'PAK'),
(169, 'Palau', 'PW', 'PLW'),
(170, 'Palestinian Territory', 'PS', 'PSE'),
(171, 'Panama', 'PA', 'PAN'),
(172, 'Papua New Guinea', 'PG', 'PNG'),
(173, 'Paraguay', 'PY', 'PRY'),
(174, 'Peru', 'PE', 'PER'),
(175, 'Philippines', 'PH', 'PHL'),
(176, 'Pitcairn', 'PN', 'PCN'),
(177, 'Poland', 'PL', 'POL'),
(178, 'Portugal', 'PT', 'PRT'),
(179, 'Puerto Rico', 'PR', 'PRI'),
(180, 'Qatar', 'QA', 'QAT'),
(181, 'Réunion', 'RE', 'REU'),
(182, 'Romania', 'RO', 'ROU'),
(183, 'Russian Federation', 'RU', 'RUS'),
(184, 'Rwanda', 'RW', 'RWA'),
(185, 'Saint-Barthélemy', 'BL', 'BLM'),
(186, 'Saint Helena', 'SH', 'SHN'),
(187, 'Saint Kitts and Nevis', 'KN', 'KNA'),
(188, 'Saint Lucia', 'LC', 'LCA'),
(189, 'Saint-Martin', 'MF', 'MAF'),
(190, 'Saint Pierre and Miquelon', 'PM', 'SPM'),
(191, 'Saint Vincent and Grenadines', 'VC', 'VCT'),
(192, 'Samoa', 'WS', 'WSM'),
(193, 'San Marino', 'SM', 'SMR'),
(194, 'Sao Tome and Principe', 'ST', 'STP'),
(195, 'Saudi Arabia', 'SA', 'SAU'),
(196, 'Senegal', 'SN', 'SEN'),
(197, 'Serbia', 'RS', 'SRB'),
(198, 'Seychelles', 'SC', 'SYC'),
(199, 'Sierra Leone', 'SL', 'SLE'),
(200, 'Singapore', 'SG', 'SGP'),
(201, 'Slovakia', 'SK', 'SVK'),
(202, 'Slovenia', 'SI', 'SVN'),
(203, 'Solomon Islands', 'SB', 'SLB'),
(204, 'Somalia', 'SO', 'SOM'),
(205, 'South Africa', 'ZA', 'ZAF'),
(206, 'South Georgia and the South Sandwich Islands', 'GS', 'SGS'),
(207, 'South Sudan', 'SS', 'SSD'),
(208, 'Spain', 'ES', 'ESP'),
(209, 'Sri Lanka', 'LK', 'LKA'),
(210, 'Sudan', 'SD', 'SDN'),
(211, 'Suriname', 'SR', 'SUR'),
(212, 'Svalbard and Jan Mayen Islands', 'SJ', 'SJM'),
(213, 'Swaziland', 'SZ', 'SWZ'),
(214, 'Sweden', 'SE', 'SWE'),
(215, 'Switzerland', 'CH', 'CHE'),
(216, 'Syrian Arab Republic', 'SY', 'SYR'),
(217, 'Taiwan', 'TW', 'TWN'),
(218, 'Tajikistan', 'TJ', 'TJK'),
(219, 'United Republic of Tanzania', 'TZ', 'TZA'),
(220, 'Thailand', 'TH', 'THA'),
(221, 'Timor-Leste', 'TL', 'TLS'),
(222, 'Togo', 'TG', 'TGO'),
(223, 'Tokelau', 'TK', 'TKL'),
(224, 'Tonga', 'TO', 'TON'),
(225, 'Trinidad and Tobago', 'TT', 'TTO'),
(226, 'Tunisia', 'TN', 'TUN'),
(227, 'Turkey', 'TR', 'TUR'),
(228, 'Turkmenistan', 'TM', 'TKM'),
(229, 'Turks and Caicos Islands', 'TC', 'TCA'),
(230, 'Tuvalu', 'TV', 'TUV'),
(231, 'Uganda', 'UG', 'UGA'),
(232, 'Ukraine', 'UA', 'UKR'),
(233, 'United Arab Emirates', 'AE', 'ARE'),
(234, 'United Kingdom', 'GB', 'GBR'),
(235, 'United States of America', 'US', 'USA'),
(236, 'United States Minor Outlying Islands', 'UM', 'UMI'),
(237, 'Uruguay', 'UY', 'URY'),
(238, 'Uzbekistan', 'UZ', 'UZB'),
(239, 'Vanuatu', 'VU', 'VUT'),
(240, 'Bolivarian Republic of Venezuela', 'VE', 'VEN'),
(241, 'Viet Nam', 'VN', 'VNM'),
(242, 'Virgin Islands', 'VI', 'VIR'),
(243, 'Wallis and Futuna Islands', 'WF', 'WLF'),
(244, 'Western Sahara', 'EH', 'ESH'),
(245, 'Yemen', 'YE', 'YEM'),
(246, 'Zambia', 'ZM', 'ZMB'),
(247, 'Zimbabwe', 'ZW', 'ZWE');

-- --------------------------------------------------------

--
-- Table structure for table `exchange_students`
--

CREATE TABLE IF NOT EXISTS `exchange_students` (
  `id_user` int(10) unsigned NOT NULL,
  `id_country` smallint(5) unsigned NOT NULL,
  `id_accommodation` tinyint(3) unsigned NOT NULL,
  `id_faculty` tinyint(3) unsigned NOT NULL,
  `id_buddy` int(10) unsigned DEFAULT NULL,
  `buddy_timestamp` datetime DEFAULT NULL,
  `about` text,
  `want_buddy` enum('y','n') NOT NULL DEFAULT 'y',
  `phone` varchar(15) DEFAULT NULL,
  `esn_card_number` varchar(12) DEFAULT NULL,
  `esn_registered` enum('y','n') NOT NULL DEFAULT 'n',
  PRIMARY KEY (`id_user`),
  KEY `fk_countries` (`id_country`),
  KEY `fk_accommodation` (`id_accommodation`),
  KEY `fk_faculties` (`id_faculty`),
  KEY `fk_buddies` (`id_buddy`)
) ENGINE=InnoDB DEFAULT CHARSET=utf8;

--
-- Dumping data for table `exchange_students`
--

INSERT INTO `exchange_students` (`id_user`, `id_country`, `id_accommodation`, `id_faculty`, `id_buddy`, `buddy_timestamp`, `about`, `want_buddy`, `phone`, `esn_card_number`, `esn_registered`) VALUES
(2, 217, 17, 7, 500, '2014-08-25 20:32:46', NULL, 'y', NULL, NULL, 'n'),
(3, 217, 17, 4, 466, '2014-08-25 19:20:43', NULL, 'y', NULL, NULL, 'n'),
(4, 217, 17, 4, 466, '2014-08-25 19:20:46', NULL, 'y', NULL, NULL, 'n'),
(5, 217, 17, 4, 509, '2014-08-25 21:22:46', NULL, 'y', NULL, NULL, 'n'),
(6, 183, 19, 4, 489, '2014-08-25 19:58:39', NULL, 'y', NULL, NULL, 'n'),
(7, 183, 19, 7, NULL, NULL, NULL, 'y', NULL, NULL, 'n'),
(8, 235, 19, 7, 473, '2014-08-25 19:26:25', NULL, 'y', NULL, NULL, 'n'),
(9, 235, 19, 7, 546, '2014-08-27 07:41:17', NULL, 'y', NULL, NULL, 'n'),
(10, 235, 19, 7, 474, '2014-08-26 09:03:09', NULL, 'y', NULL, NULL, 'n'),
(11, 235, 19, 7, 537, '2014-08-26 10:21:50', NULL, 'y', NULL, NULL, 'n'),
(12, 235, 19, 7, 506, '2014-08-27 13:51:01', NULL, 'y', NULL, NULL, 'n'),
(13, 235, 19, 7, 593, '2014-08-30 22:40:30', NULL, 'y', NULL, NULL, 'n'),
(14, 235, 19, 7, 685, '2014-08-28 00:16:02', NULL, 'y', NULL, NULL, 'n'),
(15, 235, 19, 7, 627, '2014-08-28 13:46:36', NULL, 'y', NULL, NULL, 'n'),
(16, 235, 19, 7, 545, '2014-08-25 19:46:39', NULL, 'y', NULL, NULL, 'n'),
(17, 235, 19, 7, 661, '2014-09-02 13:13:42', NULL, 'y', NULL, NULL, 'n'),
(18, 235, 19, 7, NULL, NULL, NULL, 'y', NULL, NULL, 'n'),
(19, 235, 19, 7, 480, '2014-08-25 19:34:18', NULL, 'y', NULL, NULL, 'n'),
(20, 235, 19, 7, 442, '2014-08-25 18:50:46', NULL, 'y', NULL, NULL, 'n'),
(21, 235, 19, 7, 470, '2014-08-26 14:47:40', NULL, 'y', NULL, NULL, 'n'),
(22, 235, 19, 7, NULL, NULL, NULL, 'y', NULL, NULL, 'n'),
(23, 235, 19, 7, 554, '2014-08-26 07:45:19', NULL, 'y', NULL, NULL, 'n'),
(24, 235, 19, 7, 538, '2014-08-25 23:15:08', NULL, 'y', NULL, NULL, 'n'),
(25, 235, 19, 2, NULL, NULL, NULL, 'y', NULL, NULL, 'n'),
(26, 235, 19, 4, NULL, NULL, NULL, 'y', NULL, NULL, 'n'),
(27, 235, 19, 4, 617, '2014-08-27 00:18:26', NULL, 'y', NULL, NULL, 'n'),
(28, 46, 17, 1, NULL, NULL, NULL, 'y', NULL, NULL, 'n'),
(29, 46, 17, 1, NULL, NULL, NULL, 'y', NULL, NULL, 'n'),
(30, 241, 17, 8, 503, '2014-08-25 21:13:28', NULL, 'y', NULL, NULL, 'n'),
(31, 217, 17, 1, 451, '2014-08-30 07:39:19', NULL, 'y', NULL, NULL, 'n'),
(32, 134, 17, 8, NULL, NULL, NULL, 'y', NULL, NULL, 'n'),
(33, 134, 17, 7, 486, '2014-08-28 03:01:19', NULL, 'y', NULL, NULL, 'n'),
(34, 200, 17, 7, NULL, NULL, NULL, 'y', NULL, NULL, 'n'),
(35, 200, 17, 7, NULL, NULL, NULL, 'y', NULL, NULL, 'n'),
(36, 200, 17, 7, 599, '2014-08-27 16:16:23', NULL, 'y', NULL, NULL, 'n'),
(37, 200, 17, 7, NULL, NULL, NULL, 'y', NULL, NULL, 'n'),
(38, 104, 17, 7, NULL, NULL, NULL, 'y', NULL, NULL, 'n'),
(39, 143, 8, 4, 505, '2014-08-25 20:48:30', NULL, 'y', NULL, NULL, 'n'),
(40, 143, 8, 4, 668, '2014-08-27 20:20:36', NULL, 'y', NULL, NULL, 'n'),
(41, 14, 19, 1, 518, '2014-08-25 21:28:47', NULL, 'y', NULL, NULL, 'n'),
(42, 200, 19, 1, 652, '2014-08-31 22:58:43', NULL, 'y', NULL, NULL, 'n'),
(43, 200, 19, 1, NULL, NULL, NULL, 'y', NULL, NULL, 'n'),
(44, 200, 19, 1, 608, '2014-08-27 22:50:50', NULL, 'y', NULL, NULL, 'n'),
(45, 217, 19, 8, 531, '2014-08-26 15:25:39', NULL, 'y', NULL, NULL, 'n'),
(46, 217, 19, 8, 484, '2014-08-25 19:40:50', NULL, 'y', NULL, NULL, 'n'),
(47, 217, 19, 8, 484, '2014-08-25 19:12:46', NULL, 'y', NULL, NULL, 'n'),
(48, 183, 19, 8, 563, '2014-08-27 10:58:52', NULL, 'y', NULL, NULL, 'n'),
(49, 183, 19, 7, 470, '2014-08-25 19:23:52', NULL, 'y', NULL, NULL, 'n'),
(50, 183, 19, 7, 440, '2014-08-26 20:46:10', NULL, 'y', NULL, NULL, 'n'),
(51, 183, 19, 4, NULL, NULL, NULL, 'y', NULL, NULL, 'n'),
(52, 183, 19, 2, 511, '2014-08-26 15:09:50', NULL, 'y', NULL, NULL, 'n'),
(53, 183, 19, 2, 591, '2014-08-26 15:48:29', NULL, 'y', NULL, NULL, 'n'),
(54, 40, 19, 1, 454, '2014-08-25 18:56:18', NULL, 'y', NULL, NULL, 'n'),
(55, 40, 19, 1, 435, '2014-08-24 15:49:18', NULL, 'y', NULL, NULL, 'n'),
(56, 40, 19, 1, 527, '2014-08-25 22:05:52', NULL, 'y', NULL, NULL, 'n'),
(57, 66, 19, 1, 687, '2014-09-02 14:23:46', NULL, 'y', NULL, NULL, 'n'),
(58, 119, 19, 5, 668, '2014-08-27 20:22:30', NULL, 'y', NULL, NULL, 'n'),
(60, 227, 17, 4, NULL, NULL, NULL, 'y', NULL, NULL, 'n'),
(61, 227, 17, 4, 539, '2014-08-25 23:26:17', NULL, 'y', NULL, NULL, 'n'),
(62, 40, 19, 5, 468, '2014-08-25 19:16:13', NULL, 'y', NULL, NULL, 'n'),
(63, 40, 19, 4, 634, '2014-09-01 07:52:57', NULL, 'y', NULL, NULL, 'n'),
(64, 40, 19, 1, 728, '2014-08-30 07:39:31', NULL, 'y', NULL, NULL, 'n'),
(65, 143, 19, 8, 521, '2014-08-25 21:45:19', NULL, 'y', NULL, NULL, 'n'),
(66, 14, 19, 8, 451, '2014-08-25 20:47:00', NULL, 'y', NULL, NULL, 'n'),
(67, 40, 19, 2, 441, '2014-08-26 00:04:41', NULL, 'y', NULL, NULL, 'n'),
(68, 40, 19, 2, NULL, NULL, NULL, 'y', NULL, NULL, 'n'),
(69, 217, 19, 5, 463, '2014-08-27 10:52:25', NULL, 'y', NULL, NULL, 'n'),
(70, 183, 17, 7, 440, '2014-08-28 09:48:25', NULL, 'y', NULL, NULL, 'n'),
(71, 183, 17, 5, 620, '2014-09-01 09:26:30', NULL, 'y', NULL, NULL, 'n'),
(72, 183, 17, 5, NULL, NULL, NULL, 'y', NULL, NULL, 'n'),
(73, 183, 17, 5, 724, '2014-08-30 22:37:33', NULL, 'y', NULL, NULL, 'n'),
(74, 183, 17, 5, 464, '2014-08-25 19:10:53', NULL, 'y', NULL, NULL, 'n'),
(75, 14, 19, 1, 435, '2014-09-02 12:45:12', NULL, 'y', NULL, NULL, 'n'),
(76, 227, 17, 5, 497, '2014-09-01 20:42:27', NULL, 'y', NULL, NULL, 'n'),
(77, 227, 17, 5, NULL, NULL, NULL, 'y', NULL, NULL, 'n'),
(78, 119, 8, 8, 474, '2014-08-26 09:31:12', NULL, 'y', NULL, NULL, 'n'),
(79, 119, 8, 8, 484, '2014-08-26 12:48:48', NULL, 'y', NULL, NULL, 'n'),
(80, 119, 8, 7, NULL, NULL, NULL, 'y', NULL, NULL, 'n'),
(81, 119, 8, 7, 652, '2014-08-27 15:37:22', NULL, 'y', NULL, NULL, 'n'),
(82, 119, 8, 1, 648, '2014-08-27 15:00:08', NULL, 'y', NULL, NULL, 'n'),
(83, 119, 8, 5, 528, '2014-08-26 19:59:16', NULL, 'y', NULL, NULL, 'n'),
(84, 143, 19, 8, 505, '2014-08-25 20:49:03', NULL, 'y', NULL, NULL, 'n'),
(85, 174, 19, 7, 471, '2014-08-25 19:29:10', NULL, 'y', NULL, NULL, 'n'),
(86, 119, 19, 7, NULL, NULL, NULL, 'y', NULL, NULL, 'n'),
(87, 119, 19, 7, 559, '2014-08-26 09:07:40', NULL, 'y', NULL, NULL, 'n'),
(88, 119, 19, 7, 648, '2014-09-01 09:44:17', NULL, 'y', NULL, NULL, 'n'),
(89, 46, 19, 2, 581, '2014-08-26 13:42:46', NULL, 'y', NULL, NULL, 'n'),
(90, 119, 19, 8, 462, '2014-08-25 19:17:28', NULL, 'y', NULL, NULL, 'n'),
(91, 119, 19, 8, 463, '2014-08-25 19:01:55', NULL, 'y', NULL, NULL, 'n'),
(92, 119, 19, 8, 531, '2014-09-01 22:25:17', NULL, 'y', NULL, NULL, 'n'),
(93, 119, 19, 1, 448, '2014-08-25 19:05:07', NULL, 'y', NULL, NULL, 'n'),
(94, 119, 19, 7, 648, '2014-08-27 15:04:44', NULL, 'y', NULL, NULL, 'n'),
(95, 119, 19, 2, 614, '2014-08-26 21:55:51', NULL, 'y', NULL, NULL, 'n'),
(96, 119, 17, 4, 567, '2014-08-29 16:24:36', NULL, 'y', NULL, NULL, 'n'),
(97, 119, 17, 6, NULL, NULL, NULL, 'y', NULL, NULL, 'n'),
(98, 170, 17, 4, 623, '2014-08-30 12:43:08', NULL, 'y', NULL, NULL, 'n'),
(99, 227, 17, 5, 641, '2014-09-02 14:46:39', NULL, 'y', NULL, NULL, 'n'),
(100, 183, 19, 8, NULL, NULL, NULL, 'y', NULL, NULL, 'n'),
(101, 183, 19, 4, NULL, NULL, NULL, 'y', NULL, NULL, 'n'),
(102, 56, 19, 8, 531, '2014-08-25 22:28:39', NULL, 'y', NULL, NULL, 'n'),
(103, 56, 19, 7, NULL, NULL, NULL, 'y', NULL, NULL, 'n'),
(104, 103, 19, 7, NULL, NULL, NULL, 'y', NULL, NULL, 'n'),
(105, 103, 19, 4, 509, '2014-09-01 14:34:37', NULL, 'y', NULL, NULL, 'n'),
(106, 46, 19, 7, NULL, NULL, NULL, 'y', NULL, NULL, 'n'),
(107, 217, 17, 2, 529, '2014-09-01 11:20:00', NULL, 'y', NULL, NULL, 'n'),
(108, 227, 17, 4, 620, '2014-09-01 09:17:50', NULL, 'y', NULL, NULL, 'n'),
(109, 227, 17, 1, NULL, NULL, NULL, 'y', NULL, NULL, 'n'),
(110, 47, 19, 5, 444, '2014-08-25 19:15:45', NULL, 'y', NULL, NULL, 'n'),
(111, 217, 19, 3, 444, '2014-08-27 23:03:14', NULL, 'y', NULL, NULL, 'n'),
(112, 143, 19, 1, 579, '2014-08-26 13:30:21', NULL, 'y', NULL, NULL, 'n'),
(113, 143, 19, 1, NULL, NULL, NULL, 'y', NULL, NULL, 'n'),
(114, 143, 19, 1, 714, '2014-08-29 11:58:31', NULL, 'y', NULL, NULL, 'n'),
(115, 235, 19, 8, NULL, NULL, NULL, 'y', NULL, NULL, 'n'),
(116, 46, 19, 7, NULL, NULL, NULL, 'y', NULL, NULL, 'n'),
(117, 217, 19, 2, 673, '2014-08-27 21:07:47', NULL, 'y', NULL, NULL, 'n'),
(118, 110, 8, 7, NULL, NULL, NULL, 'y', NULL, NULL, 'n'),
(119, 208, 8, 1, NULL, NULL, NULL, 'y', NULL, NULL, 'n'),
(120, 208, 8, 7, 609, '2014-08-28 21:49:09', NULL, 'y', NULL, NULL, 'n'),
(121, 110, 8, 7, 471, '2014-08-26 17:09:39', NULL, 'y', NULL, NULL, 'n'),
(122, 14, 19, 4, 702, '2014-08-28 18:55:39', NULL, 'y', NULL, NULL, 'n'),
(123, 77, 20, 3, NULL, NULL, NULL, 'y', NULL, NULL, 'n'),
(124, 177, 20, 7, 532, '2014-08-26 17:36:04', NULL, 'y', NULL, NULL, 'n'),
(125, 77, 20, 4, NULL, NULL, NULL, 'y', NULL, NULL, 'n'),
(126, 77, 20, 8, 452, '2014-08-25 18:56:31', NULL, 'y', NULL, NULL, 'n'),
(127, 77, 20, 8, 452, '2014-08-25 18:57:04', NULL, 'y', NULL, NULL, 'n'),
(128, 84, 20, 7, 524, '2014-08-26 17:17:29', NULL, 'y', NULL, NULL, 'n'),
(129, 77, 20, 7, NULL, NULL, NULL, 'y', NULL, NULL, 'n'),
(130, 77, 20, 4, 667, '2014-08-27 19:51:21', NULL, 'y', NULL, NULL, 'n'),
(131, 77, 20, 1, 553, '2014-08-26 07:03:22', NULL, 'y', NULL, NULL, 'n'),
(132, 77, 20, 1, 454, '2014-08-25 19:01:44', NULL, 'y', NULL, NULL, 'n'),
(133, 77, 20, 7, NULL, NULL, NULL, 'y', NULL, NULL, 'n'),
(134, 77, 20, 1, 457, '2014-08-27 21:36:45', NULL, 'y', NULL, NULL, 'n'),
(135, 202, 20, 7, NULL, NULL, NULL, 'y', NULL, NULL, 'n'),
(136, 214, 20, 8, NULL, NULL, NULL, 'y', NULL, NULL, 'n'),
(137, 214, 20, 3, 451, '2014-08-25 19:15:39', NULL, 'y', NULL, NULL, 'n'),
(138, 84, 20, 1, NULL, NULL, NULL, 'y', NULL, NULL, 'n'),
(139, 76, 20, 2, NULL, NULL, NULL, 'y', NULL, NULL, 'n'),
(140, 77, 20, 4, 486, '2014-09-01 14:46:08', NULL, 'y', NULL, NULL, 'n'),
(141, 84, 20, 8, NULL, NULL, NULL, 'y', NULL, NULL, 'n'),
(142, 77, 20, 8, 459, '2014-08-26 21:53:09', NULL, 'y', NULL, NULL, 'n'),
(143, 77, 20, 7, NULL, NULL, NULL, 'y', NULL, NULL, 'n'),
(144, 77, 20, 4, NULL, NULL, NULL, 'y', NULL, NULL, 'n'),
(145, 77, 20, 7, NULL, NULL, NULL, 'y', NULL, NULL, 'n'),
(146, 76, 20, 7, NULL, NULL, NULL, 'y', NULL, NULL, 'n'),
(147, 87, 20, 1, NULL, NULL, NULL, 'y', NULL, NULL, 'n'),
(148, 77, 20, 1, 603, '2014-08-26 19:15:55', NULL, 'y', NULL, NULL, 'n'),
(149, 77, 20, 1, 475, '2014-08-25 19:32:13', NULL, 'y', NULL, NULL, 'n'),
(150, 22, 20, 1, NULL, NULL, NULL, 'y', NULL, NULL, 'n'),
(151, 77, 20, 1, 623, '2014-08-31 18:50:09', NULL, 'y', NULL, NULL, 'n'),
(152, 208, 20, 1, 520, '2014-08-28 07:55:00', NULL, 'y', NULL, NULL, 'n'),
(153, 77, 20, 1, 780, '2014-09-02 13:33:42', NULL, 'y', NULL, NULL, 'n'),
(154, 62, 20, 8, 548, '2014-08-26 20:11:59', NULL, 'y', NULL, NULL, 'n'),
(155, 77, 20, 1, 536, '2014-08-25 22:45:21', NULL, 'y', NULL, NULL, 'n'),
(156, 84, 20, 1, NULL, NULL, NULL, 'y', NULL, NULL, 'n'),
(157, 84, 20, 1, 461, '2014-08-25 19:23:35', NULL, 'y', NULL, NULL, 'n'),
(158, 77, 20, 7, NULL, NULL, NULL, 'y', NULL, NULL, 'n'),
(159, 77, 20, 8, NULL, NULL, NULL, 'y', NULL, NULL, 'n'),
(160, 166, 20, 7, 474, '2014-08-28 08:42:30', NULL, 'y', NULL, NULL, 'n'),
(161, 77, 20, 8, NULL, NULL, NULL, 'y', NULL, NULL, 'n'),
(162, 77, 20, 8, NULL, NULL, NULL, 'y', NULL, NULL, 'n'),
(163, 77, 20, 4, NULL, NULL, NULL, 'y', NULL, NULL, 'n'),
(164, 62, 20, 8, NULL, NULL, NULL, 'y', NULL, NULL, 'n'),
(165, 76, 20, 8, NULL, NULL, NULL, 'y', NULL, NULL, 'n'),
(166, 76, 20, 8, NULL, NULL, NULL, 'y', NULL, NULL, 'n'),
(167, 84, 19, 7, 480, '2014-08-25 19:39:26', NULL, 'y', NULL, NULL, 'n'),
(168, 84, 19, 1, 436, '2014-08-26 07:46:55', NULL, 'y', NULL, NULL, 'n'),
(169, 156, 19, 8, 537, '2014-08-25 23:01:36', NULL, 'y', NULL, NULL, 'n'),
(170, 156, 19, 8, 524, '2014-08-25 21:57:56', NULL, 'y', NULL, NULL, 'n'),
(171, 101, 19, 7, 620, '2014-09-02 12:35:46', NULL, 'y', NULL, NULL, 'n'),
(172, 62, 19, 4, NULL, NULL, NULL, 'y', NULL, NULL, 'n'),
(173, 76, 20, 7, 599, '2014-08-27 16:16:35', NULL, 'y', NULL, NULL, 'n'),
(174, 76, 20, 7, NULL, NULL, NULL, 'y', NULL, NULL, 'n'),
(175, 76, 19, 1, 671, '2014-09-02 10:40:30', NULL, 'y', NULL, NULL, 'n'),
(176, 214, 19, 7, 591, '2014-08-26 15:43:49', NULL, 'y', NULL, NULL, 'n'),
(177, 214, 19, 7, 533, '2014-08-25 22:54:24', NULL, 'y', NULL, NULL, 'n'),
(178, 156, 19, 8, 508, '2014-08-25 21:28:39', NULL, 'y', NULL, NULL, 'n'),
(179, 214, 19, 7, 578, '2014-08-26 13:03:12', NULL, 'y', NULL, NULL, 'n'),
(180, 76, 19, 7, NULL, NULL, NULL, 'y', NULL, NULL, 'n'),
(181, 76, 19, 7, NULL, NULL, NULL, 'y', NULL, NULL, 'n'),
(182, 76, 19, 7, 661, '2014-09-01 12:47:06', NULL, 'y', NULL, NULL, 'n'),
(183, 156, 19, 8, 536, '2014-08-25 22:48:37', NULL, 'y', NULL, NULL, 'n'),
(184, 84, 19, 7, NULL, NULL, NULL, 'y', NULL, NULL, 'n'),
(185, 84, 19, 7, NULL, NULL, NULL, 'y', NULL, NULL, 'n'),
(186, 84, 19, 8, NULL, NULL, NULL, 'y', NULL, NULL, 'n'),
(187, 84, 19, 8, NULL, NULL, NULL, 'y', NULL, NULL, 'n'),
(188, 202, 19, 8, 605, '2014-08-26 19:28:45', NULL, 'y', NULL, NULL, 'n'),
(189, 84, 19, 8, 593, '2014-08-30 19:37:13', NULL, 'y', NULL, NULL, 'n'),
(190, 84, 19, 1, NULL, NULL, NULL, 'y', NULL, NULL, 'n'),
(191, 84, 19, 8, NULL, NULL, NULL, 'y', NULL, NULL, 'n'),
(192, 84, 19, 3, NULL, NULL, NULL, 'y', NULL, NULL, 'n'),
(193, 84, 19, 2, NULL, NULL, NULL, 'y', NULL, NULL, 'n'),
(194, 84, 19, 4, 610, '2014-09-01 15:36:49', NULL, 'y', NULL, NULL, 'n'),
(195, 84, 19, 4, 436, '2014-08-25 11:05:08', NULL, 'y', NULL, NULL, 'n'),
(196, 15, 20, 4, NULL, NULL, NULL, 'y', NULL, NULL, 'n'),
(197, 15, 19, 5, 461, '2014-08-25 19:07:06', NULL, 'y', NULL, NULL, 'n'),
(198, 84, 19, 7, 506, '2014-08-27 13:57:53', NULL, 'y', NULL, NULL, 'n'),
(199, 84, 19, 8, NULL, NULL, NULL, 'y', NULL, NULL, 'n'),
(200, 84, 19, 8, 514, '2014-08-25 21:18:46', NULL, 'y', NULL, NULL, 'n'),
(201, 15, 19, 5, 617, '2014-08-29 13:23:31', NULL, 'y', NULL, NULL, 'n'),
(202, 76, 19, 7, 634, '2014-08-28 01:04:21', NULL, 'y', NULL, NULL, 'n'),
(203, 76, 19, 2, 553, '2014-08-26 07:30:32', NULL, 'y', NULL, NULL, 'n'),
(204, 214, 19, 8, NULL, NULL, NULL, 'y', NULL, NULL, 'n'),
(205, 214, 19, 8, 468, '2014-08-25 19:40:14', NULL, 'y', NULL, NULL, 'n'),
(206, 214, 19, 8, 512, '2014-08-26 17:17:30', NULL, 'y', NULL, NULL, 'n'),
(207, 214, 19, 8, 721, '2014-08-31 13:38:47', NULL, 'y', NULL, NULL, 'n'),
(208, 214, 19, 8, 745, '2014-09-01 16:36:22', NULL, 'y', NULL, NULL, 'n'),
(209, 76, 19, 1, 462, '2014-08-25 19:19:29', NULL, 'y', NULL, NULL, 'n'),
(210, 76, 19, 5, 536, '2014-08-26 08:55:17', NULL, 'y', NULL, NULL, 'n'),
(211, 76, 19, 5, 453, '2014-08-26 13:49:24', NULL, 'y', NULL, NULL, 'n'),
(212, 76, 19, 8, NULL, NULL, NULL, 'y', NULL, NULL, 'n'),
(213, 22, 19, 4, 441, '2014-08-25 18:52:00', NULL, 'y', NULL, NULL, 'n'),
(214, 22, 19, 4, 453, '2014-08-25 18:54:18', NULL, 'y', NULL, NULL, 'n'),
(215, 35, 19, 8, 458, '2014-08-25 19:00:45', NULL, 'y', NULL, NULL, 'n'),
(216, 22, 19, 8, 665, '2014-08-29 15:16:05', NULL, 'y', NULL, NULL, 'n'),
(217, 22, 19, 5, 438, '2014-08-25 19:04:55', NULL, 'y', NULL, NULL, 'n'),
(218, 77, 19, 8, NULL, NULL, NULL, 'y', NULL, NULL, 'n'),
(219, 62, 19, 7, 633, '2014-08-27 11:43:24', NULL, 'y', NULL, NULL, 'n'),
(220, 62, 19, 5, 465, '2014-08-25 19:15:16', NULL, 'y', NULL, NULL, 'n'),
(221, 76, 19, 8, 676, '2014-08-27 22:05:02', NULL, 'y', NULL, NULL, 'n'),
(222, 76, 19, 8, 453, '2014-08-25 18:58:31', NULL, 'y', NULL, NULL, 'n'),
(223, 110, 19, 8, NULL, NULL, NULL, 'y', NULL, NULL, 'n'),
(224, 110, 19, 8, 611, '2014-08-27 20:19:35', NULL, 'y', NULL, NULL, 'n'),
(225, 110, 19, 8, 450, '2014-08-26 16:19:15', NULL, 'y', NULL, NULL, 'n'),
(226, 110, 19, 3, NULL, NULL, NULL, 'y', NULL, NULL, 'n'),
(227, 110, 19, 3, NULL, NULL, NULL, 'y', NULL, NULL, 'n'),
(228, 110, 19, 8, 671, '2014-08-27 22:14:45', NULL, 'y', NULL, NULL, 'n'),
(229, 110, 19, 5, 666, '2014-08-27 20:01:39', NULL, 'y', NULL, NULL, 'n'),
(230, 110, 19, 1, 623, '2014-08-29 14:01:32', NULL, 'y', NULL, NULL, 'n'),
(231, 110, 19, 5, NULL, NULL, NULL, 'y', NULL, NULL, 'n'),
(232, 22, 19, 2, 661, '2014-09-01 12:47:02', NULL, 'y', NULL, NULL, 'n'),
(233, 77, 19, 8, 616, '2014-08-26 22:45:33', NULL, 'y', NULL, NULL, 'n'),
(234, 77, 19, 8, 531, '2014-08-25 23:38:02', NULL, 'y', NULL, NULL, 'n'),
(235, 110, 19, 7, NULL, NULL, NULL, 'y', NULL, NULL, 'n'),
(236, 110, 19, 6, NULL, NULL, NULL, 'y', NULL, NULL, 'n'),
(237, 84, 19, 7, 702, '2014-08-28 18:51:28', NULL, 'y', NULL, NULL, 'n'),
(238, 84, 19, 6, NULL, NULL, NULL, 'y', NULL, NULL, 'n'),
(239, 84, 19, 6, 558, '2014-08-26 08:40:46', NULL, 'y', NULL, NULL, 'n'),
(240, 77, 19, 1, NULL, NULL, NULL, 'y', NULL, NULL, 'n'),
(241, 77, 19, 1, 671, '2014-08-27 23:18:40', NULL, 'y', NULL, NULL, 'n'),
(242, 77, 19, 1, 437, '2014-08-25 15:43:15', NULL, 'y', NULL, NULL, 'n'),
(243, 77, 19, 1, 610, '2014-09-02 12:49:17', NULL, 'y', NULL, NULL, 'n'),
(244, 77, 19, 1, NULL, NULL, NULL, 'y', NULL, NULL, 'n'),
(245, 35, 19, 1, 573, '2014-08-26 13:13:34', NULL, 'y', NULL, NULL, 'n'),
(246, 77, 20, 1, 469, '2014-08-25 19:34:48', NULL, 'y', NULL, NULL, 'n'),
(247, 77, 19, 1, 608, '2014-08-26 20:20:02', NULL, 'y', NULL, NULL, 'n'),
(248, 77, 19, 1, 608, '2014-08-26 20:20:47', NULL, 'y', NULL, NULL, 'n'),
(249, 77, 19, 7, 472, '2014-08-25 19:25:58', NULL, 'y', NULL, NULL, 'n'),
(250, 77, 19, 8, NULL, NULL, NULL, 'y', NULL, NULL, 'n'),
(251, 77, 19, 4, NULL, NULL, NULL, 'y', NULL, NULL, 'n'),
(252, 77, 19, 6, 524, '2014-08-25 22:00:55', NULL, 'y', NULL, NULL, 'n'),
(253, 77, 19, 6, 710, '2014-09-01 13:32:41', NULL, 'y', NULL, NULL, 'n'),
(254, 77, 19, 7, NULL, NULL, NULL, 'y', NULL, NULL, 'n'),
(255, 77, 19, 7, 578, '2014-08-26 13:03:56', NULL, 'y', NULL, NULL, 'n'),
(256, 77, 19, 7, 600, '2014-08-26 18:11:57', NULL, 'y', NULL, NULL, 'n'),
(257, 77, 19, 7, NULL, NULL, NULL, 'y', NULL, NULL, 'n'),
(258, 77, 19, 8, NULL, NULL, NULL, 'y', NULL, NULL, 'n'),
(259, 77, 19, 8, 665, '2014-08-28 13:16:58', NULL, 'y', NULL, NULL, 'n'),
(260, 77, 19, 8, 652, '2014-08-27 15:48:34', NULL, 'y', NULL, NULL, 'n'),
(261, 77, 19, 8, 520, '2014-08-28 08:05:11', NULL, 'y', NULL, NULL, 'n'),
(262, 77, 19, 5, NULL, NULL, NULL, 'y', NULL, NULL, 'n'),
(263, 77, 19, 5, 740, '2014-09-01 14:41:09', NULL, 'y', NULL, NULL, 'n'),
(264, 77, 19, 4, NULL, NULL, NULL, 'y', NULL, NULL, 'n'),
(265, 234, 8, 8, NULL, NULL, NULL, 'y', NULL, NULL, 'n'),
(266, 234, 8, 8, 602, '2014-08-26 22:00:53', NULL, 'y', NULL, NULL, 'n'),
(267, 234, 8, 8, 652, '2014-08-31 23:06:00', NULL, 'y', NULL, NULL, 'n'),
(268, 234, 8, 7, 510, '2014-08-26 22:27:00', NULL, 'y', NULL, NULL, 'n'),
(269, 234, 8, 7, NULL, NULL, NULL, 'n', NULL, NULL, 'n'),
(270, 234, 8, 7, 450, '2014-08-25 18:56:43', NULL, 'y', NULL, NULL, 'n'),
(271, 77, 8, 7, NULL, NULL, NULL, 'y', NULL, NULL, 'n'),
(272, 77, 8, 7, NULL, NULL, NULL, 'y', NULL, NULL, 'n'),
(273, 77, 8, 3, NULL, NULL, NULL, 'y', NULL, NULL, 'n'),
(274, 77, 8, 3, NULL, NULL, NULL, 'y', NULL, NULL, 'n'),
(275, 77, 8, 3, 609, '2014-08-27 22:49:19', NULL, 'y', NULL, NULL, 'n'),
(276, 77, 8, 4, NULL, NULL, NULL, 'y', NULL, NULL, 'n'),
(277, 77, 8, 5, NULL, NULL, NULL, 'y', NULL, NULL, 'n'),
(278, 77, 8, 5, NULL, NULL, NULL, 'y', NULL, NULL, 'n'),
(279, 77, 8, 7, NULL, NULL, NULL, 'n', NULL, NULL, 'n'),
(280, 77, 8, 2, NULL, NULL, NULL, 'y', NULL, NULL, 'n'),
(281, 77, 8, 7, NULL, NULL, NULL, 'y', NULL, NULL, 'n'),
(282, 77, 8, 7, NULL, NULL, NULL, 'y', NULL, NULL, 'n'),
(283, 77, 8, 7, NULL, NULL, NULL, 'y', NULL, NULL, 'n'),
(284, 77, 20, 5, NULL, NULL, NULL, 'y', NULL, NULL, 'n'),
(285, 77, 8, 4, NULL, NULL, NULL, 'y', NULL, NULL, 'n'),
(286, 77, 8, 4, NULL, NULL, NULL, 'n', NULL, NULL, 'n'),
(287, 77, 8, 7, NULL, NULL, NULL, 'y', NULL, NULL, 'n'),
(288, 77, 8, 7, NULL, NULL, NULL, 'y', NULL, NULL, 'n'),
(289, 77, 8, 7, 711, '2014-08-29 01:58:46', NULL, 'y', NULL, NULL, 'n'),
(290, 77, 8, 7, NULL, NULL, NULL, 'y', NULL, NULL, 'n'),
(291, 77, 8, 7, NULL, NULL, NULL, 'y', NULL, NULL, 'n'),
(292, 77, 8, 7, 724, '2014-09-02 12:52:05', NULL, 'y', NULL, NULL, 'n'),
(293, 77, 8, 7, NULL, NULL, NULL, 'y', NULL, NULL, 'n'),
(294, 77, 19, 4, NULL, NULL, NULL, 'y', NULL, NULL, 'n'),
(295, 77, 19, 4, NULL, NULL, NULL, 'y', NULL, NULL, 'n'),
(296, 77, 20, 1, 542, '2014-08-26 22:33:28', NULL, 'y', NULL, NULL, 'n'),
(297, 77, 20, 7, NULL, NULL, NULL, 'y', NULL, NULL, 'n'),
(298, 77, 20, 8, 452, '2014-08-26 16:22:16', NULL, 'y', NULL, NULL, 'n'),
(299, 77, 20, 8, 436, '2014-08-26 13:06:56', NULL, 'y', NULL, NULL, 'n'),
(300, 77, 8, 8, 609, '2014-08-26 20:38:36', NULL, 'y', NULL, NULL, 'n'),
(301, 77, 8, 8, 476, '2014-08-26 22:04:59', NULL, 'y', NULL, NULL, 'n'),
(302, 84, 19, 4, NULL, NULL, NULL, 'y', NULL, NULL, 'n'),
(303, 77, 8, 8, 603, '2014-09-01 16:13:58', NULL, 'y', NULL, NULL, 'n'),
(304, 77, 8, 8, NULL, NULL, NULL, 'y', NULL, NULL, 'n'),
(305, 77, 8, 3, 445, '2014-08-25 19:16:20', NULL, 'y', NULL, NULL, 'n'),
(306, 77, 8, 4, NULL, NULL, NULL, 'y', NULL, NULL, 'n'),
(307, 62, 19, 7, NULL, NULL, NULL, 'y', NULL, NULL, 'n'),
(308, 182, 19, 7, NULL, NULL, NULL, 'y', NULL, NULL, 'n'),
(309, 202, 19, 1, NULL, NULL, NULL, 'y', NULL, NULL, 'n'),
(310, 202, 19, 4, 496, '2014-08-26 16:23:27', NULL, 'y', NULL, NULL, 'n'),
(311, 71, 19, 5, NULL, NULL, NULL, 'y', NULL, NULL, 'n'),
(312, 201, 17, 9, NULL, NULL, NULL, 'y', NULL, NULL, 'n'),
(313, 201, 17, 9, NULL, NULL, NULL, 'y', NULL, NULL, 'n'),
(314, 35, 17, 8, 598, '2014-08-26 17:17:03', NULL, 'y', NULL, NULL, 'n'),
(315, 201, 17, 8, 511, '2014-08-31 22:25:19', NULL, 'y', NULL, NULL, 'n'),
(316, 201, 17, 8, 636, '2014-08-27 11:55:06', NULL, 'y', NULL, NULL, 'n'),
(317, 202, 17, 8, NULL, NULL, NULL, 'y', NULL, NULL, 'n'),
(318, 177, 17, 5, NULL, NULL, NULL, 'y', NULL, NULL, 'n'),
(319, 35, 17, 8, 699, '2014-08-28 18:23:20', NULL, 'y', NULL, NULL, 'n'),
(320, 71, 17, 8, 548, '2014-08-28 22:39:47', NULL, 'y', NULL, NULL, 'n'),
(321, 234, 8, 7, NULL, NULL, NULL, 'y', NULL, NULL, 'n'),
(322, 234, 8, 7, 619, '2014-08-27 01:15:10', NULL, 'y', NULL, NULL, 'n'),
(323, 234, 8, 7, NULL, NULL, NULL, 'y', NULL, NULL, 'n'),
(324, 234, 8, 7, NULL, NULL, NULL, 'y', NULL, NULL, 'n'),
(325, 234, 8, 7, NULL, NULL, NULL, 'y', NULL, NULL, 'n'),
(326, 87, 8, 8, 473, '2014-08-25 19:30:35', NULL, 'y', NULL, NULL, 'n'),
(327, 87, 8, 8, 588, '2014-08-26 16:14:14', NULL, 'y', NULL, NULL, 'n'),
(328, 87, 8, 8, 469, '2014-08-25 19:30:16', NULL, 'y', NULL, NULL, 'n'),
(329, 87, 8, 8, 450, '2014-08-26 04:50:04', NULL, 'y', NULL, NULL, 'n'),
(330, 208, 6, 4, 446, '2014-08-25 18:54:12', NULL, 'y', NULL, NULL, 'n'),
(331, 208, 6, 4, NULL, NULL, NULL, 'y', NULL, NULL, 'n'),
(332, 177, 6, 7, NULL, NULL, NULL, 'y', NULL, NULL, 'n'),
(333, 232, 19, 7, NULL, NULL, NULL, 'y', NULL, NULL, 'n'),
(334, 232, 19, 7, NULL, NULL, NULL, 'y', NULL, NULL, 'n'),
(335, 238, 19, 4, NULL, NULL, NULL, 'y', NULL, NULL, 'n'),
(336, 115, 19, 4, NULL, NULL, NULL, 'y', NULL, NULL, 'n'),
(337, 145, 19, 5, NULL, NULL, NULL, 'y', NULL, NULL, 'n'),
(338, 145, 19, 5, NULL, NULL, NULL, 'y', NULL, NULL, 'n'),
(339, 145, 19, 5, NULL, NULL, NULL, 'y', NULL, NULL, 'n'),
(340, 178, 6, 8, 531, '2014-08-31 12:42:02', NULL, 'y', NULL, NULL, 'n'),
(341, 178, 6, 8, NULL, NULL, NULL, 'y', NULL, NULL, 'n'),
(342, 178, 6, 7, 565, '2014-08-26 09:52:26', NULL, 'y', NULL, NULL, 'n'),
(343, 178, 6, 7, NULL, NULL, NULL, 'y', NULL, NULL, 'n'),
(344, 208, 6, 1, NULL, NULL, NULL, 'y', NULL, NULL, 'n'),
(345, 208, 6, 8, 736, '2014-09-02 09:49:52', NULL, 'y', NULL, NULL, 'n'),
(346, 208, 6, 1, 516, '2014-08-25 21:31:10', NULL, 'y', NULL, NULL, 'n'),
(347, 208, 6, 8, NULL, NULL, NULL, 'y', NULL, NULL, 'n'),
(348, 208, 6, 5, 611, '2014-08-27 01:14:14', NULL, 'y', NULL, NULL, 'n'),
(349, 208, 6, 8, 727, '2014-08-31 16:40:26', NULL, 'y', NULL, NULL, 'n'),
(350, 208, 6, 1, NULL, NULL, NULL, 'y', NULL, NULL, 'n'),
(351, 208, 6, 5, 533, '2014-08-27 20:05:54', NULL, 'y', NULL, NULL, 'n'),
(352, 208, 6, 4, NULL, NULL, NULL, 'y', NULL, NULL, 'n'),
(353, 208, 6, 4, 742, '2014-09-01 14:37:06', NULL, 'y', NULL, NULL, 'n'),
(354, 208, 6, 4, NULL, NULL, NULL, 'y', NULL, NULL, 'n'),
(355, 208, 6, 4, 544, '2014-09-02 11:52:24', NULL, 'y', NULL, NULL, 'n'),
(356, 145, 19, 5, NULL, NULL, NULL, 'y', NULL, NULL, 'n'),
(357, 145, 19, 5, NULL, NULL, NULL, 'y', NULL, NULL, 'n'),
(358, 145, 19, 5, 539, '2014-08-25 23:26:42', NULL, 'y', NULL, NULL, 'n'),
(359, 145, 19, 5, NULL, NULL, NULL, 'y', NULL, NULL, 'n'),
(360, 232, 19, 5, 652, '2014-08-28 01:59:57', NULL, 'y', NULL, NULL, 'n'),
(361, 232, 19, 7, NULL, NULL, NULL, 'y', NULL, NULL, 'n'),
(362, 232, 19, 2, NULL, NULL, NULL, 'y', NULL, NULL, 'n'),
(363, 71, 8, 7, 508, '2014-08-31 22:51:25', NULL, 'y', NULL, NULL, 'n'),
(364, 145, 19, 5, 489, '2014-08-25 22:45:56', NULL, 'y', NULL, NULL, 'n'),
(365, 208, 5, 8, 486, '2014-08-28 03:00:53', NULL, 'y', NULL, NULL, 'n'),
(366, 208, 5, 8, 531, '2014-08-31 11:31:52', NULL, 'y', NULL, NULL, 'n'),
(367, 208, 5, 1, 542, '2014-08-27 05:05:36', NULL, 'y', NULL, NULL, 'n'),
(368, 208, 5, 1, 436, '2014-08-25 21:55:03', NULL, 'y', NULL, NULL, 'n'),
(369, 208, 5, 1, 540, '2014-08-27 19:35:42', NULL, 'y', NULL, NULL, 'n'),
(370, 208, 5, 8, 738, '2014-09-01 16:32:02', NULL, 'y', NULL, NULL, 'n'),
(371, 201, 20, 3, NULL, NULL, NULL, 'n', NULL, NULL, 'n'),
(372, 201, 5, 8, 573, '2014-08-26 13:09:54', NULL, 'y', NULL, NULL, 'n'),
(373, 201, 5, 7, NULL, NULL, NULL, 'y', NULL, NULL, 'n'),
(374, 201, 5, 7, NULL, NULL, NULL, 'y', NULL, NULL, 'n'),
(375, 201, 5, 7, NULL, NULL, NULL, 'y', NULL, NULL, 'n'),
(376, 177, 5, 8, 543, '2014-08-26 12:52:22', NULL, 'y', NULL, NULL, 'n'),
(377, 177, 5, 8, 736, '2014-09-01 10:25:57', NULL, 'y', NULL, NULL, 'n'),
(378, 177, 5, 7, 464, '2014-08-25 19:14:42', NULL, 'y', NULL, NULL, 'n'),
(379, 208, 5, 4, 502, '2014-08-28 15:01:03', NULL, 'y', NULL, NULL, 'n'),
(380, 208, 5, 4, NULL, NULL, NULL, 'y', NULL, NULL, 'n'),
(381, 208, 5, 6, NULL, NULL, NULL, 'y', NULL, NULL, 'n'),
(382, 208, 5, 1, 531, '2014-09-01 22:25:47', NULL, 'y', NULL, NULL, 'n'),
(383, 208, 5, 1, 475, '2014-08-25 19:33:50', NULL, 'y', NULL, NULL, 'n'),
(384, 208, 4, 8, 531, '2014-08-29 17:46:46', NULL, 'y', NULL, NULL, 'n'),
(385, 208, 4, 8, 744, '2014-09-01 14:34:45', NULL, 'y', NULL, NULL, 'n'),
(386, 208, 4, 8, 477, '2014-08-25 19:31:20', NULL, 'y', NULL, NULL, 'n'),
(387, 208, 4, 8, 609, '2014-08-26 20:19:06', NULL, 'y', NULL, NULL, 'n'),
(388, 208, 4, 8, NULL, NULL, NULL, 'y', NULL, NULL, 'n'),
(389, 208, 4, 8, 531, '2014-08-29 17:46:04', NULL, 'y', NULL, NULL, 'n'),
(390, 208, 4, 4, NULL, NULL, NULL, 'y', NULL, NULL, 'n'),
(391, 208, 4, 4, 470, '2014-08-25 19:42:30', NULL, 'y', NULL, NULL, 'n'),
(392, 178, 4, 1, 519, '2014-08-25 22:39:22', NULL, 'y', NULL, NULL, 'n'),
(393, 178, 4, 1, 544, '2014-08-28 13:36:53', NULL, 'y', NULL, NULL, 'n'),
(394, 178, 4, 1, NULL, NULL, NULL, 'y', NULL, NULL, 'n'),
(395, 58, 4, 7, NULL, NULL, NULL, 'y', NULL, NULL, 'n'),
(396, 58, 4, 7, NULL, NULL, NULL, 'y', NULL, NULL, 'n'),
(397, 208, 4, 8, 490, '2014-08-25 20:07:36', NULL, 'y', NULL, NULL, 'n'),
(398, 208, 4, 8, NULL, NULL, NULL, 'y', NULL, NULL, 'n'),
(399, 208, 4, 8, 631, '2014-08-27 11:23:55', NULL, 'y', NULL, NULL, 'n'),
(400, 178, 4, 7, 441, '2014-08-25 18:49:56', NULL, 'y', NULL, NULL, 'n'),
(401, 178, 4, 1, NULL, NULL, NULL, 'y', NULL, NULL, 'n'),
(402, 201, 4, 6, NULL, NULL, NULL, 'y', NULL, NULL, 'n'),
(403, 129, 3, 8, 441, '2014-08-31 13:17:48', NULL, 'y', NULL, NULL, 'n'),
(404, 129, 3, 8, 780, '2014-09-02 13:50:19', NULL, 'y', NULL, NULL, 'n'),
(405, 129, 3, 4, 508, '2014-08-25 20:56:41', NULL, 'y', NULL, NULL, 'n'),
(406, 129, 3, 3, NULL, NULL, NULL, 'y', NULL, NULL, 'n'),
(407, 129, 3, 3, 443, '2014-08-25 18:51:15', NULL, 'y', NULL, NULL, 'n'),
(408, 129, 3, 3, 443, '2014-08-25 18:52:41', NULL, 'y', NULL, NULL, 'n'),
(409, 129, 3, 9, 447, '2014-08-25 19:01:30', NULL, 'y', NULL, NULL, 'n'),
(410, 77, 20, 4, 450, '2014-08-28 17:47:50', NULL, 'y', NULL, NULL, 'n'),
(411, 77, 20, 5, NULL, NULL, NULL, 'y', NULL, NULL, 'n'),
(412, 77, 20, 5, 576, '2014-08-26 13:30:25', NULL, 'y', NULL, NULL, 'n'),
(413, 77, 20, 7, NULL, NULL, NULL, 'y', NULL, NULL, 'n'),
(414, 77, 20, 7, NULL, NULL, NULL, 'y', NULL, NULL, 'n'),
(415, 77, 20, 6, NULL, NULL, NULL, 'y', NULL, NULL, 'n'),
(416, 77, 20, 6, NULL, NULL, NULL, 'y', NULL, NULL, 'n'),
(417, 77, 20, 6, NULL, NULL, NULL, 'y', NULL, NULL, 'n'),
(418, 116, 20, 5, NULL, NULL, NULL, 'n', NULL, NULL, 'n'),
(419, 77, 20, 8, NULL, NULL, NULL, 'y', NULL, NULL, 'n'),
(420, 77, 20, 4, 558, '2014-08-26 08:39:57', NULL, 'y', NULL, NULL, 'n'),
(421, 77, 20, 1, 435, '2014-08-24 23:32:40', NULL, 'y', NULL, NULL, 'n'),
(422, 77, 20, 5, NULL, NULL, NULL, 'y', NULL, NULL, 'n'),
(423, 202, 20, 8, NULL, NULL, NULL, 'y', NULL, NULL, 'n'),
(424, 110, 20, 8, NULL, NULL, NULL, 'n', NULL, NULL, 'n'),
(425, 208, 19, 6, 664, '2014-08-27 20:06:46', NULL, 'y', NULL, NULL, 'n'),
(426, 208, 19, 4, NULL, NULL, NULL, 'y', NULL, NULL, 'n'),
(427, 208, 19, 4, NULL, NULL, NULL, 'y', NULL, NULL, 'n'),
(428, 77, 8, 4, NULL, NULL, NULL, 'y', NULL, NULL, 'n'),
(429, 178, 4, 1, NULL, NULL, NULL, 'y', NULL, NULL, 'n'),
(430, 208, 19, 7, NULL, NULL, NULL, 'y', NULL, NULL, 'n'),
(431, 208, 19, 6, NULL, NULL, NULL, 'y', NULL, NULL, 'n'),
(432, 84, 8, 8, 608, '2014-08-27 23:01:40', NULL, 'y', NULL, NULL, 'n'),
(433, 12, 8, 4, 716, '2014-08-30 13:01:37', NULL, 'y', NULL, NULL, 'n'),
(753, 103, 19, 2, NULL, NULL, NULL, 'y', NULL, NULL, 'n'),
(754, 21, 19, 2, NULL, NULL, NULL, 'y', NULL, NULL, 'n'),
(755, 235, 19, 2, NULL, NULL, NULL, 'y', NULL, NULL, 'n'),
(756, 195, 20, 2, NULL, NULL, NULL, 'y', NULL, NULL, 'n'),
(757, 174, 19, 2, NULL, NULL, NULL, 'y', NULL, NULL, 'n'),
(758, 103, 10, 2, NULL, NULL, NULL, 'y', NULL, NULL, 'n'),
(759, 183, 19, 2, NULL, NULL, NULL, 'y', NULL, NULL, 'n'),
(760, 85, 10, 2, NULL, NULL, NULL, 'y', NULL, NULL, 'n'),
(761, 119, 19, 2, 716, '2014-09-02 17:26:07', NULL, 'y', NULL, NULL, 'n'),
(762, 143, 10, 2, 531, '2014-09-02 16:36:10', NULL, 'y', NULL, NULL, 'n'),
(763, 84, 10, 2, NULL, NULL, NULL, 'y', NULL, NULL, 'n'),
(764, 232, 19, 2, NULL, NULL, NULL, 'y', NULL, NULL, 'n'),
(765, 201, 14, 2, NULL, NULL, NULL, 'y', NULL, NULL, 'n'),
(766, 235, 10, 4, NULL, NULL, NULL, 'y', NULL, NULL, 'n'),
(767, 235, 19, 3, NULL, NULL, NULL, 'y', NULL, NULL, 'n'),
(768, 103, 10, 3, NULL, NULL, NULL, 'y', NULL, NULL, 'n'),
(769, 178, 16, 7, NULL, NULL, NULL, 'y', NULL, NULL, 'n'),
(770, 51, 10, 3, NULL, NULL, NULL, 'y', NULL, NULL, 'n'),
(771, 148, 10, 1, 513, '2014-09-02 13:34:07', NULL, 'y', NULL, NULL, 'n'),
(772, 183, 20, 4, 620, '2014-09-02 12:37:47', NULL, 'y', NULL, NULL, 'n'),
(773, 103, 10, 4, NULL, NULL, NULL, 'y', NULL, NULL, 'n'),
(774, 103, 15, 7, NULL, NULL, NULL, 'y', NULL, NULL, 'n'),
(775, 77, 20, 5, NULL, NULL, NULL, 'y', NULL, NULL, 'n'),
(776, 76, 19, 5, NULL, NULL, NULL, 'y', NULL, NULL, 'n'),
(777, 103, 10, 7, NULL, NULL, NULL, 'y', NULL, NULL, 'n'),
(778, 51, 19, 5, 531, '2014-09-02 16:33:27', NULL, 'y', NULL, NULL, 'n'),
(789, 234, 20, 10, NULL, NULL, NULL, 'n', NULL, '646167ICCU', 'y');

-- --------------------------------------------------------

--
-- Table structure for table `faculties`
--

CREATE TABLE IF NOT EXISTS `faculties` (
  `id_faculty` tinyint(3) unsigned NOT NULL AUTO_INCREMENT,
  `faculty` varchar(38) NOT NULL,
  `abbreviation` varchar(4) NOT NULL,
  PRIMARY KEY (`id_faculty`),
  UNIQUE KEY `faculty` (`faculty`),
  UNIQUE KEY `id_faculty` (`id_faculty`),
  UNIQUE KEY `abbreviation` (`abbreviation`)
) ENGINE=InnoDB  DEFAULT CHARSET=utf8 AUTO_INCREMENT=11 ;

--
-- Dumping data for table `faculties`
--

INSERT INTO `faculties` (`id_faculty`, `faculty`, `abbreviation`) VALUES
(1, 'Fakulta architektury', 'FA'),
(2, 'Fakulta biomedicínského inženýrství', 'FBMI'),
(3, 'Fakulta dopravní', 'FD'),
(4, 'Fakulta elektrotechnická', 'FEL'),
(5, 'Fakulta informačních technologií', 'FIT'),
(6, 'Fakulta jaderná a fyzikálně inženýrská', 'FJFI'),
(7, 'Fakulta strojní', 'FS'),
(8, 'Fakulta stavební', 'FSv'),
(9, 'Masarykův ústav vyšších studií', 'MUVS'),
(10, 'Mimo ČVUT', 'JINE');

-- --------------------------------------------------------

--
-- Table structure for table `people`
--

CREATE TABLE IF NOT EXISTS `people` (
  `id_user` int(10) unsigned NOT NULL,
  `first_name` varchar(45) NOT NULL,
  `last_name` varchar(45) NOT NULL,
  `age` year(4) DEFAULT NULL,
  `sex` enum('M','F') DEFAULT NULL,
  PRIMARY KEY (`id_user`),
  KEY `fk_people_users1` (`id_user`)
) ENGINE=InnoDB DEFAULT CHARSET=utf8;

--
-- Dumping data for table `people`
--

INSERT INTO `people` (`id_user`, `first_name`, `last_name`, `age`, `sex`) VALUES
(1, 'H_1', 'C_1', 1992, 'M'),
(2, 'K_2', 'I_2', 1989, 'F'),
(3, 'H_3', 'Y_3', 1994, 'F'),
(4, 'H_4', 'K_4', 1992, 'M'),
(5, 'C_5', 'H_5', 1991, 'M'),
(6, 'T_6', 'N_6', 1994, 'F'),
(7, 'S_7', 'T_7', 1993, 'M'),
(8, 'A_8', 'R_8', 1994, 'M'),
(9, 'B_9', 'P_9', 1994, 'M'),
(10, 'B_10', 'C_10', 1993, 'M'),
(11, 'C_11', 'R_11', 1994, 'M'),
(12, 'C_12', 'J_12', 1993, 'M'),
(13, 'E_13', 'E_13', 1992, 'M'),
(14, 'F_14', 'M_14', 1994, 'M'),
(15, 'L_15', 'B_15', 1994, 'M'),
(16, 'L_16', 'J_16', 1993, 'M'),
(17, 'M_17', 'T_17', 1994, 'M'),
(18, 'N_18', 'S_18', 1994, 'M'),
(19, 'P_19', 'W_19', 1993, 'M'),
(20, 'R_20', 'A_20', 1994, 'F'),
(21, 'R_21', 'S_21', 1994, 'M'),
(22, 'S_22', 'R_22', 1994, 'M'),
(23, 'S_23', 'D_23', 1994, 'M'),
(24, 'W_24', 'M_24', 1994, 'M'),
(25, 'G_25', 'E_25', 1994, 'M'),
(26, 'D_26', 'W_26', 1994, 'M'),
(27, 'M_27', 'R_27', 1994, 'M'),
(28, 'S_28', 'Y_28', 1993, 'F'),
(29, 'X_29', 'S_29', 1993, 'M'),
(30, 'C_30', 'L_30', 1992, 'F'),
(31, 'H_31', 'H_31', 1990, 'F'),
(32, 'L_32', 'Y_32', 1992, 'M'),
(33, 'E_33', 'R_33', 1992, 'F'),
(34, 'L_34', 'C_34', 1988, 'M'),
(35, 'L_35', 'D_35', 1991, 'M'),
(36, 'N_36', 'J_36', 1990, 'M'),
(37, 'S_37', 'Z_37', 1991, 'M'),
(38, 'W_38', 'C_38', 1992, 'M'),
(39, 'E_39', 'J_39', 1989, 'M'),
(40, 'H_40', 'L_40', 1991, 'M'),
(41, 'W_41', 'N_41', 1993, 'M'),
(42, 'B_42', 'Y_42', 1992, 'F'),
(43, 'F_43', 'M_43', 1990, 'M'),
(44, 'T_44', 'E_44', 1990, 'M'),
(45, 'H_45', 'B_45', 1987, 'M'),
(46, 'L_46', 'G_46', 1993, 'M'),
(47, 'T_47', 'F_47', 1991, 'F'),
(48, 'I_48', 'A_48', 1993, 'F'),
(49, 'A_49', 'I_49', 1993, 'M'),
(50, 'K_50', 'I_50', 1994, 'M'),
(51, 'S_51', 'A_51', 1994, 'M'),
(52, 'L_52', 'A_52', 1991, 'F'),
(53, 'P_53', 'E_53', 1992, 'F'),
(54, 'B_54', 'A_54', 1991, 'M'),
(55, 'M_55', 'B_55', 1993, 'F'),
(56, 'P_56', 'R_56', 1992, 'F'),
(57, 'D_57', 'A_57', 1992, 'M'),
(58, 'K_58', 'J_58', 1994, 'F'),
(60, 'B_60', 'D_60', 1993, 'M'),
(61, 'C_61', 'D_61', 1993, 'F'),
(62, 'R_62', 'P_62', 1993, 'M'),
(63, 'K_63', 'G_63', 1993, 'M'),
(64, 'C_64', 'C_64', 1993, 'F'),
(65, 'Z_65', 'E_65', 1992, 'M'),
(66, 'K_66', 'S_66', 1992, 'M'),
(67, 'M_67', 'C_67', 1993, 'M'),
(68, 'J_68', 'K_68', 1993, 'M'),
(69, 'W_69', 'T_69', 1990, 'F'),
(70, 'K_70', 'A_70', 1991, 'M'),
(71, 'S_71', 'A_71', 1993, 'M'),
(72, 'S_72', 'R_72', 1993, 'M'),
(73, 'A_73', 'K_73', 1993, 'F'),
(74, 'T_74', 'A_74', 1994, 'F'),
(75, 'B_75', 'G_75', 1991, 'F'),
(76, 'Ç_76', 'E_76', 1993, 'M'),
(77, 'D_77', 'S_77', 1995, 'M'),
(78, 'J_78', 'H_78', 1994, 'F'),
(79, 'K_79', 'J_79', 1990, 'M'),
(80, 'C_80', 'J_80', 1993, 'F'),
(81, 'O_81', 'Y_81', 1992, 'F'),
(82, 'K_82', 'H_82', 1989, 'M'),
(83, 'C_83', 'Y_83', 1992, 'F'),
(84, 'V_84', 'B_84', 1992, 'F'),
(85, 'M_85', 'R_85', 1993, 'M'),
(86, 'H_86', 'J_86', 1991, 'M'),
(87, 'K_87', 'I_87', 1990, 'M'),
(88, 'L_88', 'J_88', 1989, 'M'),
(89, 'Z_89', 'J_89', 1994, 'F'),
(90, 'K_90', 'K_90', 1993, 'F'),
(91, 'K_91', 'S_91', 1992, 'F'),
(92, 'L_92', 'S_92', 1991, 'M'),
(93, 'H_93', 'Y_93', 1989, 'F'),
(94, 'H_94', 'E_94', 1990, 'M'),
(95, 'C_95', 'M_95', 1993, 'F'),
(96, 'K_96', 'Y_96', 1990, 'M'),
(97, 'K_97', 'J_97', 1991, 'M'),
(98, 'K_98', 'M_98', 1987, 'M'),
(99, 'K_99', 'A_99', 1990, 'M'),
(100, 'S_100', 'A_100', 1994, 'M'),
(101, 'L_101', 'I_101', 1994, 'F'),
(102, 'R_102', 'C_102', 1995, 'M'),
(103, 'M_103', 'V_103', 1993, 'M'),
(104, 'Y_104', 'A_104', 1995, 'M'),
(105, 'Y_105', 'P_105', 1993, 'M'),
(106, 'X_106', 'S_106', 1993, 'F'),
(107, 'W_107', 'T_107', 1990, 'M'),
(108, 'V_108', 'B_108', 1993, 'M'),
(109, 'G_109', 'G_109', 1987, 'F'),
(110, 'S_110', 'H_110', 1994, 'M'),
(111, 'C_111', 'T_111', 1994, 'F'),
(112, 'A_112', 'J_112', 1993, 'M'),
(113, 'A_113', 'R_113', 1991, 'M'),
(114, 'M_114', 'Á_114', 1992, 'M'),
(115, 'W_115', 'J_115', 1987, 'M'),
(116, 'W_116', 'X_116', 1993, 'F'),
(117, 'L_117', 'Y_117', 1992, 'M'),
(118, 'C_118', 'J_118', 1992, 'M'),
(119, 'E_119', 'M_119', 1992, 'M'),
(120, 'G_120', 'G_120', 1992, 'M'),
(121, 'P_121', 'T_121', 1991, 'M'),
(122, 'W_122', 'P_122', 1991, 'M'),
(123, 'J_123', 'R_123', 1990, 'M'),
(124, 'W_124', 'K_124', 1993, 'F'),
(125, 'P_125', 'B_125', 1991, 'M'),
(126, 'M_126', 'C_126', 1992, 'F'),
(127, 'C_127', 'E_127', 1993, 'M'),
(128, 'M_128', 'F_128', 1991, 'M'),
(129, 'B_129', 'P_129', 1993, 'M'),
(130, 'P_130', 'C_130', 1993, 'M'),
(131, 'L_131', 'E_131', 1993, 'F'),
(132, 'B_132', 'F_132', 1993, 'M'),
(133, 'D_133', 'M_133', 1992, 'M'),
(134, 'D_134', 'S_134', 1988, 'M'),
(135, 'J_135', 'J_135', 1989, 'M'),
(136, 'H_136', 'S_136', 1987, 'M'),
(137, 'K_137', 'A_137', 1989, 'M'),
(138, 'K_138', 'F_138', 1992, 'M'),
(139, 'K_139', 'O_139', 1992, 'M'),
(140, 'B_140', 'R_140', 1992, 'M'),
(141, 'd_141', 'V_141', 1991, 'F'),
(142, 'F_142', 'A_142', 1991, 'M'),
(143, 'P_143', 'V_143', 1991, 'M'),
(144, 'G_144', 'G_144', 1991, 'M'),
(145, 'C_145', 'P_145', 1991, 'M'),
(146, 'K_146', 'P_146', 1982, 'M'),
(147, 'B_147', 'I_147', 1992, 'M'),
(148, 'D_148', 'C_148', 1991, 'F'),
(149, 'S_149', 'T_149', 1993, 'F'),
(150, 'B_150', 'S_150', 1991, 'M'),
(151, 'G_151', 'M_151', 1993, 'F'),
(152, 'P_152', 'P_152', 1993, 'M'),
(153, 'C_153', 'F_153', 1992, 'F'),
(154, 'A_154', 'T_154', 1991, 'M'),
(155, 'R_155', 'C_155', 1990, 'F'),
(156, 'P_156', 'M_156', 1988, 'M'),
(157, 'M_157', 'R_157', 1990, 'F'),
(158, 'K_158', 'M_158', 1991, 'M'),
(159, 'F_159', 'J_159', 1992, 'F'),
(160, 'N_160', 'H_160', 1991, 'F'),
(161, 'A_161', 'M_161', 1993, 'M'),
(162, 'I_162', 'C_162', 1991, 'M'),
(163, 'L_163', 'J_163', 1991, 'M'),
(164, 'N_164', 'F_164', 1990, 'M'),
(165, 'A_165', 'T_165', 1993, 'M'),
(166, 'A_166', 'K_166', 1991, 'M'),
(167, 'S_167', 'M_167', 1993, 'M'),
(168, 'W_168', 'J_168', 1991, 'F'),
(169, 'B_169', 'T_169', 1993, 'M'),
(170, 'v_170', 'T_170', 1993, 'M'),
(171, 'T_171', 'G_171', 1992, 'M'),
(172, 'K_172', 'R_172', 1991, 'M'),
(173, 'J_173', 'M_173', 1988, 'M'),
(174, 'S_174', 'E_174', 1991, 'M'),
(175, 'M_175', 'M_175', 1989, 'F'),
(176, 'H_176', 'E_176', 1990, 'F'),
(177, 'L_177', 'J_177', 1993, 'M'),
(178, 'B_178', 'J_178', 1991, 'M'),
(179, 'H_179', 'J_179', 1991, 'F'),
(180, 'A_180', 'J_180', 1990, 'M'),
(181, 'S_181', 'M_181', 1991, 'M'),
(182, 'V_182', 'J_182', 1990, 'M'),
(183, 'N_183', 'M_183', 1992, 'F'),
(184, 'B_184', 'T_184', 1985, 'M'),
(185, 'K_185', 'T_185', 1988, 'M'),
(186, 'H_186', 'M_186', 1990, 'F'),
(187, 'M_187', 'C_187', 1992, 'F'),
(188, 'O_188', 'K_188', 1991, 'F'),
(189, 'Z_189', 'M_189', 1988, 'M'),
(190, 'B_190', 'C_190', 1989, 'M'),
(191, 'T_191', 'L_191', 1991, 'M'),
(192, 'S_192', 'J_192', 1990, 'M'),
(193, 'S_193', 'N_193', 1988, 'M'),
(194, 'O_194', 'A_194', 1993, 'F'),
(195, 'P_195', 'D_195', 1991, 'M'),
(196, 'N_196', 'S_196', 1988, 'M'),
(197, 'B_197', 'M_197', 1990, 'M'),
(198, 'S_198', 'F_198', 1994, 'M'),
(199, 'H_199', 'A_199', 1987, 'M'),
(200, 'L_200', 'J_200', 1991, 'M'),
(201, 'J_201', 'D_201', 1990, 'M'),
(202, 'J_202', 'J_202', 1989, 'M'),
(203, 'H_203', 'L_203', 1987, 'F'),
(204, 'A_204', 'Y_204', 1993, 'M'),
(205, 'H_205', 'A_205', 1988, 'M'),
(206, 'L_206', 'E_206', 1991, 'M'),
(207, 'M_207', 'A_207', 1991, 'M'),
(208, 'V_208', 'V_208', 1987, 'M'),
(209, 'M_209', 'K_209', 1991, 'F'),
(210, 'P_210', 'E_210', 1989, 'F'),
(211, 'N_211', 'V_211', 1990, 'M'),
(212, 'R_212', 'L_212', 1991, 'M'),
(213, 'S_213', 'T_213', 1992, 'M'),
(214, 'B_214', 'L_214', 1992, 'F'),
(215, 'I_215', 'M_215', 1991, 'F'),
(216, 'W_216', 'C_216', 1992, 'F'),
(217, 'E_217', 'H_217', 1990, 'M'),
(218, 'J_218', 'A_218', 1992, 'M'),
(219, 'S_219', 'N_219', 1993, 'F'),
(220, 'M_220', 'J_220', 1991, 'M'),
(221, 'K_221', 'S_221', 1992, 'M'),
(222, 'V_222', 'H_222', 1989, 'F'),
(223, 'C_223', 'J_223', 1991, 'M'),
(224, 'M_224', 'A_224', 1990, 'M'),
(225, 'Z_225', 'R_225', 1989, 'M'),
(226, 'R_226', 'V_226', 1987, 'F'),
(227, 'R_227', 'F_227', 1989, 'M'),
(228, 'F_228', 'F_228', 1993, 'M'),
(229, 'P_229', 'L_229', 1989, 'M'),
(230, 'G_230', 'I_230', 1992, 'F'),
(231, 'S_231', 'G_231', 1993, 'M'),
(232, 'S_232', 'S_232', 1992, 'M'),
(233, 'B_233', 'G_233', 1994, 'M'),
(234, 'M_234', 'C_234', 1993, 'M'),
(235, 'P_235', 'D_235', 1991, 'M'),
(236, 'E_236', 'C_236', 1990, 'F'),
(237, 'B_237', 'D_237', 1989, 'M'),
(238, 'H_238', 'N_238', 1992, 'M'),
(239, 'W_239', 'N_239', 1988, 'M'),
(240, 'L_240', 'V_240', 1993, 'M'),
(241, 'S_241', 'J_241', 1991, 'F'),
(242, 'O_242', 'T_242', 1992, 'M'),
(243, 'R_243', 'S_243', 1993, 'F'),
(244, 'B_244', 'A_244', 1991, 'F'),
(245, 'K_245', 'B_245', 1992, 'F'),
(246, 'D_246', 'M_246', 1993, 'F'),
(247, 'C_247', 'A_247', 1994, 'M'),
(248, 'R_248', 'A_248', 1995, 'F'),
(249, 'T_249', 'M_249', 1992, 'F'),
(250, 'R_250', 'E_250', 1992, 'F'),
(251, 'Q_251', 'G_251', 1994, 'M'),
(252, 'R_252', 'L_252', 1993, 'F'),
(253, 'R_253', 'C_253', 1993, 'F'),
(254, 'A_254', 'M_254', 1992, 'M'),
(255, 'B_255', 'E_255', 1992, 'F'),
(256, 'R_256', 'L_256', 1993, 'F'),
(257, 'R_257', 'L_257', 1991, 'M'),
(258, 'A_258', 'O_258', 1994, 'M'),
(259, 'O_259', 'S_259', 1994, 'M'),
(260, 'B_260', 'G_260', 1990, 'F'),
(261, 'R_261', 'S_261', 1991, 'F'),
(262, 'G_262', 'T_262', 1992, 'M'),
(263, 'F_263', 'A_263', 1992, 'M'),
(264, 'F_264', 'G_264', 1993, 'M'),
(265, 'H_265', 'M_265', 1994, 'M'),
(266, 'M_266', 'C_266', 1995, 'M'),
(267, 'R_267', 'A_267', 1994, 'M'),
(268, 'D_268', 'C_268', 1994, 'M'),
(269, 'L_269', 'F_269', 1994, 'M'),
(270, 'N_270', 'A_270', 1994, 'M'),
(271, 'M_271', 'L_271', 1992, 'M'),
(272, 'R_272', 'K_272', 1992, 'M'),
(273, 'B_273', 'A_273', 1992, 'M'),
(274, 'L_274', 'X_274', 1991, 'M'),
(275, 'L_275', 'A_275', 1991, 'M'),
(276, 'P_276', 'M_276', 1992, 'M'),
(277, 'L_277', 'K_277', 1994, 'M'),
(278, 'U_278', 'A_278', 1992, 'M'),
(279, 'Z_279', 'F_279', 1993, 'M'),
(280, 'J_280', 'A_280', 1991, 'M'),
(281, 'C_281', 'P_281', 1990, 'M'),
(282, 'G_282', 'M_282', 1992, 'M'),
(283, 'L_283', 'R_283', 1992, 'M'),
(284, 'B_284', 'G_284', 1992, 'M'),
(285, 'L_285', 'R_285', 1992, 'M'),
(286, 'P_286', 'E_286', 1991, 'M'),
(287, 'B_287', 'A_287', 1993, 'M'),
(288, 'B_288', 'H_288', 1993, 'M'),
(289, 'C_289', 'P_289', 1993, 'M'),
(290, 'G_290', 'R_290', 1993, 'M'),
(291, 'R_291', 'V_291', 1993, 'M'),
(292, 'K_292', 'A_292', 1993, 'F'),
(293, 'D_293', 'A_293', 1991, 'M'),
(294, 'A_294', 'P_294', 1991, 'M'),
(295, 'K_295', 'S_295', 1991, 'M'),
(296, 'B_296', 'J_296', 1993, 'M'),
(297, 'M_297', 'J_297', 1991, 'M'),
(298, 'P_298', 'A_298', 1992, 'F'),
(299, 'F_299', 'A_299', 1992, 'F'),
(300, 'B_300', 'F_300', 1992, 'M'),
(301, 'M_301', 'M_301', 1992, 'M'),
(302, 'S_302', 'D_302', 1989, 'M'),
(303, 'B_303', 'L_303', 1993, 'F'),
(304, 'L_304', 'F_304', 1993, 'M'),
(305, 'P_305', 'A_305', 1989, 'M'),
(306, 'M_306', 'S_306', 1992, 'M'),
(307, 'C_307', 'E_307', 1988, 'M'),
(308, 'M_308', 'C_308', 1991, 'M'),
(309, 'T_309', 'V_309', 1991, 'M'),
(310, 'V_310', 'B_310', 1990, 'M'),
(311, 'D_311', 'A_311', 1990, 'F'),
(312, 'P_312', 'A_312', 1989, 'F'),
(313, 'S_313', 'N_313', 1990, 'M'),
(314, 'D_314', 'D_314', 1991, 'M'),
(315, 'M_315', 'M_315', 1992, 'M'),
(316, 'K_316', 'L_316', 1993, 'F'),
(317, 'P_317', 'J_317', 1990, 'M'),
(318, 'M_318', 'P_318', 1992, 'M'),
(319, 'D_319', 'D_319', 1991, 'F'),
(320, 'H_320', 'J_320', 1990, 'M'),
(321, 'A_321', 'R_321', 1992, 'M'),
(322, 'C_322', 'J_322', 1992, 'M'),
(323, 'D_323', 'J_323', 1992, 'M'),
(324, 'K_324', 'E_324', 1992, 'M'),
(325, 'M_325', 'J_325', 1992, 'M'),
(326, 'K_326', 'V_326', 1993, 'F'),
(327, 'K_327', 'A_327', 1992, 'F'),
(328, 'M_328', 'K_328', 1992, 'F'),
(329, 'K_329', 'T_329', 1993, 'M'),
(330, 'G_330', 'M_330', 1993, 'F'),
(331, 'G_331', 'B_331', 1993, 'M'),
(332, 'Z_332', 'K_332', 1993, 'M'),
(333, 'R_333', 'O_333', 1991, 'M'),
(334, 'A_334', 'A_334', 1991, 'M'),
(335, 'A_335', 'A_335', 1978, 'M'),
(336, 'A_336', 'A_336', 1994, 'F'),
(337, 'R_337', 'R_337', 1992, 'M'),
(338, 'M_338', 'D_338', 1993, 'M'),
(339, 'C_339', 'C_339', 1993, 'M'),
(340, 'S_340', 'J_340', 1992, 'M'),
(341, 'C_341', 'S_341', 1992, 'M'),
(342, 'G_342', 'D_342', 1992, 'M'),
(343, 'S_343', 'C_343', 1992, 'M'),
(344, 'E_344', 'C_344', 1990, 'F'),
(345, 'A_345', 'A_345', 1991, 'F'),
(346, 'M_346', 'M_346', 1992, 'F'),
(347, 'B_347', 'L_347', 1990, 'M'),
(348, 'M_348', 'M_348', 1990, 'M'),
(349, 'R_349', 'L_349', 1992, 'M'),
(350, 'M_350', 'M_350', 1991, 'M'),
(351, 'D_351', 'C_351', 1992, 'M'),
(352, 'G_352', 'J_352', 1990, 'M'),
(353, 'B_353', 'J_353', 1993, 'M'),
(354, 'A_354', 'J_354', 1994, 'M'),
(355, 'A_355', 'A_355', 1993, 'F'),
(356, 'T_356', 'V_356', 1993, 'M'),
(357, 'N_357', 'A_357', 1991, 'F'),
(358, 'G_358', 'G_358', 1993, 'F'),
(359, 'C_359', 'M_359', 1993, 'M'),
(360, 'P_360', 'V_360', 1995, 'F'),
(361, 'P_361', 'I_361', 1988, 'M'),
(362, 'P_362', 'M_362', 1977, 'M'),
(363, 'L_363', 'E_363', 1993, 'M'),
(364, 'I_364', 'T_364', 1991, 'F'),
(365, 'B_365', 'J_365', 1993, 'M'),
(366, 'M_366', 'P_366', 1991, 'M'),
(367, 'M_367', 'M_367', 1993, 'M'),
(368, 'P_368', 'A_368', 1992, 'F'),
(369, 'A_369', 'E_369', 1993, 'M'),
(370, 'G_370', 'J_370', 1992, 'F'),
(371, 'Š_371', 'I_371', 1988, 'F'),
(372, 'B_372', 'R_372', 1990, 'F'),
(373, 'A_373', 'P_373', 1991, 'M'),
(374, 'K_374', 'N_374', 1991, 'M'),
(375, 'Š_375', 'M_375', 1991, 'M'),
(376, 'C_376', 'W_376', 1991, 'F'),
(377, 'G_377', 'H_377', 1989, 'F'),
(378, 'B_378', 'J_378', 1993, 'F'),
(379, 'V_379', 'B_379', 1993, 'F'),
(380, 'R_380', 'O_380', 1994, 'M'),
(381, 'S_381', 'J_381', 1994, 'M'),
(382, 'G_382', 'R_382', 1991, 'M'),
(383, 'N_383', 'J_383', 1989, 'M'),
(384, 'D_384', 'C_384', 1992, 'M'),
(385, 'F_385', 'C_385', 1992, 'M'),
(386, 'G_386', 'E_386', 1991, 'F'),
(387, 'G_387', 'V_387', 1992, 'M'),
(388, 'L_388', 'N_388', 1990, 'M'),
(389, 'M_389', 'J_389', 1991, 'M'),
(390, 'G_390', 'M_390', 1986, 'M'),
(391, 'S_391', 'C_391', 1992, 'M'),
(392, 'L_392', 'J_392', 1993, 'F'),
(393, 'M_393', 'H_393', 1993, 'F'),
(394, 'S_394', 'S_394', 1990, 'F'),
(395, 'T_395', 'M_395', 1990, 'M'),
(396, 'Z_396', 'A_396', 1990, 'M'),
(397, 'G_397', 'S_397', 1993, 'F'),
(398, 'O_398', 'F_398', 1992, 'M'),
(399, 'S_399', 'I_399', 1994, 'M'),
(400, 'C_400', 'A_400', 1993, 'M'),
(401, 'V_401', 'R_401', 1991, 'M'),
(402, 'Š_402', 'M_402', 1991, 'M'),
(403, 'F_403', 'V_403', 1993, 'M'),
(404, 'S_404', 'I_404', 1993, 'M'),
(405, 'V_405', 'A_405', 1994, 'M'),
(406, 'R_406', 'A_406', 1992, 'M'),
(407, 'L_407', 'D_407', 1993, 'F'),
(408, 'V_408', 'M_408', 1993, 'F'),
(409, 'S_409', 'A_409', 1991, 'F'),
(410, 'G_410', 'S_410', 1990, 'M'),
(411, 'N_411', 'G_411', 1989, 'M'),
(412, 'A_412', 'J_412', 1992, 'M'),
(413, 'C_413', 'D_413', 1991, 'M'),
(414, 'B_414', 'E_414', 1991, 'M'),
(415, 'P_415', 'E_415', 1993, 'M'),
(416, 'P_416', 'K_416', 1992, 'M'),
(417, 'M_417', 'R_417', 1992, 'M'),
(418, 'V_418', 'H_418', 1978, 'F'),
(419, 'P_419', 'D_419', 1990, 'M'),
(420, 'B_420', 'J_420', 1992, 'M'),
(421, 'B_421', 'A_421', 1993, 'F'),
(422, 'H_422', 'M_422', 1992, 'M'),
(423, 'K_423', 'A_423', 1990, 'F'),
(424, 'P_424', 'L_424', 1987, 'M'),
(425, 'T_425', 'J_425', 1990, 'F'),
(426, 'M_426', 'J_426', 1990, 'M'),
(427, 'B_427', 'J_427', 1990, 'M'),
(428, 'B_428', 'V_428', 1990, 'M'),
(429, 'B_429', 'R_429', 1992, 'M'),
(430, 'P_430', 'J_430', 1991, 'M'),
(431, 'C_431', 'A_431', 1989, 'M'),
(432, 'B_432', 'M_432', 1988, 'M'),
(433, 'R_433', 'A_433', 1991, 'F'),
(434, 'M_434', 'K_434', NULL, NULL),
(435, 'M_435', 'K_435', 1989, 'M'),
(436, 'P_436', 'S_436', 1992, 'M'),
(437, 'A_437', 'B_437', 1992, 'F'),
(438, 'J_438', 'H_438', NULL, NULL),
(439, 'A_439', 'L_439', 1990, 'M'),
(440, 'L_440', 'M_440', 1993, 'F'),
(441, 'V_441', 'L_441', 1992, 'F'),
(442, 'R_442', 'S_442', NULL, 'M'),
(443, 'J_443', 'H_443', 1986, 'M'),
(444, 'L_444', 'B_444', 1993, 'M'),
(445, 'G_445', 'B_445', NULL, 'F'),
(446, 'E_446', 'D_446', 1989, 'M'),
(447, 'M_447', 'K_447', 1993, 'F'),
(448, 'V_448', 'Š_448', NULL, NULL),
(449, 'V_449', 'N_449', 1991, 'M'),
(450, 'Z_450', 'N_450', 1994, 'F'),
(451, 'J_451', 'N_451', 1993, 'M'),
(452, 'P_452', 'L_452', 1991, 'M'),
(453, 'L_453', 'O_453', 1993, 'F'),
(454, 'P_454', 'H_454', 1990, 'F'),
(456, 'L_456', 'Z_456', NULL, 'M'),
(457, 'D_457', 'C_457', 1991, 'M'),
(458, 'M_458', 'Š_458', 1991, 'M'),
(459, 'V_459', 'H_459', 1993, 'F'),
(460, 'O_460', 'Š_460', NULL, 'M'),
(461, 'V_461', 'S_461', 1966, 'M'),
(462, 'T_462', 'T_462', NULL, 'M'),
(463, 'Š_463', 'H_463', 1992, 'M'),
(464, 'P_464', 'T_464', 1991, 'M'),
(465, 'M_465', 'P_465', NULL, 'M'),
(466, 'T_466', 'H_466', 1994, 'M'),
(467, 'O_467', 'Z_467', 1990, 'M'),
(468, 'V_468', 'K_468', 1991, 'M'),
(469, 'P_469', 'K_469', NULL, 'M'),
(470, 'V_470', 'B_470', 1991, 'M'),
(471, 'P_471', 'T_471', NULL, 'F'),
(472, 'D_472', 'P_472', 1991, 'M'),
(473, 'P_473', 'A_473', 1989, 'M'),
(474, 'P_474', 'H_474', 1990, 'M'),
(475, 'K_475', 'Z_475', 1989, 'F'),
(476, 'K_476', 'V_476', 1993, 'F'),
(477, 'M_477', 'T_477', 1990, 'M'),
(478, 'J_478', 'K_478', NULL, 'M'),
(479, 'V_479', 'M_479', NULL, NULL),
(480, 'V_480', 'U_480', 1989, 'M'),
(481, 'O_481', 'B_481', 1986, 'M'),
(482, 'R_482', 'V_482', 1990, 'F'),
(483, 'K_483', 'C_483', 1993, 'F'),
(484, 'M_484', 'F_484', 1991, 'M'),
(485, 'J_485', 'E_485', 1991, 'M'),
(486, 'D_486', 'B_486', NULL, NULL),
(487, 'M_487', 'B_487', NULL, NULL),
(488, 'L_488', 'Č_488', 1988, 'M'),
(489, 'G_489', 'Z_489', 1992, 'M'),
(490, 'M_490', 'H_490', NULL, NULL),
(491, 'A_491', 'Č_491', 1990, 'M'),
(492, 'G_492', 'H_492', 1995, 'F'),
(494, 'J_494', 'J_494', 1990, 'M'),
(496, 'M_496', 'T_496', 1989, 'M'),
(497, 'P_497', 'G_497', 1991, 'M'),
(498, 'B_498', 'J_498', NULL, NULL),
(499, 'K_499', 'S_499', NULL, NULL),
(500, 'J_500', 'Z_500', 1989, 'M'),
(501, 'A_501', 'e_501', 1993, 'F'),
(502, 'N_502', 'V_502', 1986, 'M'),
(503, 'L_503', 'D_503', 1993, 'M'),
(504, 'J_504', 'N_504', 1991, 'M'),
(505, 'I_505', 'B_505', NULL, 'F'),
(506, 'K_506', 'H_506', 1992, 'M'),
(507, 'L_507', 'S_507', NULL, NULL),
(508, 'V_508', 'H_508', NULL, 'F'),
(509, 'J_509', 'T_509', 1991, 'M'),
(510, 'K_510', 'S_510', 1991, 'F'),
(511, 'M_511', 'P_511', 1988, 'M'),
(512, 'A_512', 'T_512', 1991, 'M'),
(513, 'P_513', 'K_513', 1990, 'F'),
(514, 'D_514', 'P_514', 1993, 'M'),
(515, 'M_515', 'K_515', 1990, 'M'),
(516, 'D_516', 'M_516', 1990, 'M'),
(517, 'M_517', 'D_517', 1988, 'M'),
(518, 'S_518', 'D_518', 1991, 'M'),
(519, 'K_519', 'P_519', 1991, 'F'),
(520, 'K_520', 'K_520', 1990, 'F'),
(521, 'T_521', 'V_521', 0000, 'F'),
(522, 'J_522', 'D_522', 1990, 'M'),
(523, 'K_523', 'M_523', NULL, NULL),
(524, 'M_524', 'K_524', NULL, 'M'),
(526, 'K_526', 'M_526', NULL, NULL),
(527, 'V_527', 'J_527', 1993, 'F'),
(528, 'V_528', 'L_528', NULL, 'F'),
(529, 'J_529', 'S_529', 1992, 'M'),
(530, 'T_530', 'Š_530', 1991, 'M'),
(531, 'E_531', 'F_531', 1989, 'F'),
(532, 'L_532', 'K_532', 1991, 'M'),
(533, 'P_533', 'H_533', 1990, 'M'),
(534, 'M_534', 'Š_534', 1989, 'M'),
(535, 'S_535', 'B_535', 1990, 'F'),
(536, 'R_536', 'P_536', 1991, 'M'),
(537, 'T_537', 'K_537', NULL, NULL),
(538, 'A_538', 'B_538', 1993, 'F'),
(539, 'V_539', 'P_539', 1991, 'M'),
(540, 'R_540', 'P_540', 1990, 'M'),
(541, 'Z_541', 'Š_541', 1993, 'M'),
(542, 'M_542', 'H_542', 1993, 'F'),
(543, 'T_543', 'S_543', 1990, 'M'),
(544, 'V_544', 'H_544', NULL, 'M'),
(545, 'K_545', 'C_545', 1993, 'F'),
(546, 'J_546', 'H_546', 1991, 'M'),
(547, 'G_547', 'F_547', 1992, 'M'),
(548, 'P_548', 'H_548', NULL, 'F'),
(549, 'J_549', 'F_549', NULL, 'M'),
(550, 'M_550', 'Z_550', 1989, 'M'),
(551, 'V_551', 'B_551', 1988, 'M'),
(552, 'J_552', 'V_552', 1988, 'M'),
(553, 'T_553', 'T_553', 1989, 'M'),
(554, 'L_554', 'K_554', 1995, 'F'),
(555, 'K_555', 'V_555', 1987, 'F'),
(557, 'Z_557', 'S_557', 1989, 'M'),
(558, 'M_558', 'Č_558', 1991, 'F'),
(559, 'M_559', 'K_559', 1991, 'F'),
(560, 'K_560', 'F_560', 1994, 'F'),
(561, 'L_561', 'A_561', NULL, 'F'),
(562, 'T_562', 'K_562', 1990, 'M'),
(563, 'P_563', 'R_563', 1991, 'M'),
(564, 'S_564', 'C_564', 1993, 'F'),
(565, 'K_565', 'K_565', 1990, 'F'),
(566, 'Z_566', 'P_566', 1990, 'F'),
(567, 'K_567', 'Š_567', 1993, 'F'),
(568, 'T_568', 'B_568', 1990, 'M'),
(569, 'K_569', 'K_569', NULL, 'F'),
(570, 'M_570', 'F_570', NULL, NULL),
(571, 'L_571', 'M_571', 1991, 'F'),
(572, 'A_572', 'M_572', NULL, NULL),
(573, 'J_573', 'B_573', 1986, 'M'),
(574, 'J_574', 'M_574', 1991, 'M'),
(575, 'E_575', 'V_575', NULL, 'F'),
(576, 'F_576', 'H_576', 1989, 'M'),
(577, 'A_577', 'L_577', 1995, 'F'),
(578, 'M_578', 'M_578', 1987, 'M'),
(579, 'B_579', 'D_579', NULL, NULL),
(580, 'I_580', 'U_580', 1990, NULL),
(581, 'P_581', 'H_581', 1988, 'F'),
(582, 'T_582', 'F_582', 1992, 'F'),
(583, 'S_583', 'S_583', 1990, 'F'),
(584, 'B_584', 'D_584', 1994, 'F'),
(585, 'T_585', 'T_585', NULL, NULL),
(586, 'B_586', 'U_586', NULL, 'F'),
(587, 'T_587', 'E_587', 1990, 'M'),
(588, 'V_588', 'K_588', NULL, NULL),
(589, 'J_589', 'L_589', 1991, 'M'),
(590, 'M_590', 'K_590', 1989, 'M'),
(591, 'V_591', 'S_591', 1991, 'F'),
(593, 'L_593', 'Š_593', 1990, 'F'),
(594, 'D_594', 'D_594', NULL, NULL),
(595, 'V_595', 'S_595', 1993, 'F'),
(597, 'D_597', 'K_597', 1994, 'M'),
(598, 'J_598', 'T_598', 1991, 'F'),
(599, 'V_599', 'D_599', 1990, 'F'),
(600, 'N_600', 'B_600', 1993, 'M'),
(601, 'V_601', 'M_601', NULL, 'F'),
(602, 'D_602', 'Š_602', 1994, 'M'),
(603, 'M_603', 'V_603', 1992, 'M'),
(604, 'I_604', 'D_604', NULL, 'F'),
(605, 'J_605', 'M_605', 1988, 'M'),
(606, 'P_606', 'P_606', 1987, 'M'),
(608, 'P_608', 'S_608', 1987, 'M'),
(609, 'M_609', 'K_609', 1991, 'M'),
(610, 'L_610', 'K_610', 1993, 'M'),
(611, 'P_611', 'P_611', 1994, 'F'),
(612, 'R_612', 'F_612', 1992, 'M'),
(613, 'E_613', 'Š_613', 1994, 'M'),
(614, 'M_614', 'S_614', 1993, 'F'),
(615, 't_615', 'k_615', 1988, 'F'),
(616, 'L_616', 'L_616', NULL, 'F'),
(617, 'L_617', 'H_617', 1989, 'M'),
(618, 'M_618', 'V_618', 1988, 'M'),
(619, 'O_619', 'V_619', 1991, 'M'),
(620, 'K_620', 'R_620', 1990, 'M'),
(621, 'L_621', 'P_621', 1990, 'M'),
(622, 'A_622', 'H_622', 1992, 'M'),
(623, 'V_623', 'T_623', 1991, 'M'),
(624, 'A_624', 'S_624', 1987, 'M'),
(625, 'M_625', 'C_625', 1991, 'M'),
(626, 'M_626', 'M_626', 1992, 'M'),
(627, 'T_627', 'B_627', NULL, NULL),
(628, 'L_628', 'S_628', NULL, 'F'),
(629, 'J_629', 'Z_629', 1990, 'M'),
(630, 'M_630', 'F_630', NULL, NULL),
(631, 'M_631', 'Š_631', 1986, 'M'),
(632, 'O_632', 'Š_632', NULL, NULL),
(633, 'J_633', 'M_633', 1990, 'M'),
(634, 'G_634', 'B_634', 1992, 'F'),
(635, 'M_635', 'M_635', 1994, 'M'),
(636, 'J_636', 'K_636', 1989, 'M'),
(637, 'I_637', 'H_637', NULL, NULL),
(638, 'M_638', 'K_638', 1990, 'F'),
(639, 'J_639', 'H_639', 1991, 'F'),
(640, 'V_640', 'N_640', NULL, NULL),
(641, 'V_641', 'E_641', 1989, 'M'),
(642, 'E_642', 'B_642', 1993, 'F'),
(643, 'K_643', 'D_643', 1990, 'F'),
(644, 'J_644', 'H_644', 1992, 'F'),
(645, 'P_645', 'V_645', 1992, 'M'),
(646, 'P_646', 'V_646', 1988, 'M'),
(647, 'S_647', 'Š_647', 1988, 'F'),
(648, 'S_648', 'B_648', NULL, 'F'),
(649, 'M_649', 'H_649', 1990, 'M'),
(650, 'D_650', 'B_650', 1995, 'F'),
(651, 'S_651', 'U_651', 1993, 'M'),
(652, 'M_652', 'R_652', 1989, 'M'),
(653, 'A_653', 'K_653', 1993, 'F'),
(654, 'L_654', 'L_654', 1993, 'F'),
(655, 'D_655', 'M_655', 1994, 'M'),
(656, 'T_656', 'L_656', 1989, 'M'),
(657, 'J_657', 'T_657', 1991, 'M'),
(658, 'Z_658', 'K_658', 1991, 'F'),
(659, 'T_659', 'Z_659', 1991, 'M'),
(660, 'L_660', 'J_660', 1991, 'F'),
(661, 'M_661', 'K_661', 1990, 'M'),
(662, 'A_662', 'M_662', 1994, 'F'),
(663, 'H_663', 'T_663', NULL, 'F'),
(664, 'Z_664', 'Š_664', 1994, 'F'),
(665, 'K_665', 'K_665', 1991, 'F'),
(666, 'L_666', 'V_666', 1993, 'F'),
(667, 'T_667', 'Z_667', 1991, 'M'),
(668, 'R_668', 'Z_668', 1990, 'M'),
(669, 'D_669', 'L_669', 1990, 'M'),
(670, 'D_670', 'K_670', 1985, 'M'),
(671, 'A_671', 'P_671', NULL, NULL),
(672, 'P_672', 'I_672', 1993, 'M'),
(673, 'N_673', 'd_673', 1995, 'M'),
(674, 'A_674', 'R_674', NULL, NULL),
(675, 'V_675', 'S_675', 1992, 'M'),
(676, 'L_676', 'Z_676', 1992, 'F'),
(677, 'J_677', 'B_677', 1993, 'M'),
(678, 'T_678', 'R_678', NULL, 'F'),
(679, 'R_679', 'H_679', 1990, 'M'),
(680, 'M_680', 'R_680', 1992, 'F'),
(681, 'B_681', 'K_681', 1986, 'F'),
(682, 'V_682', 'Ť_682', 1991, 'M'),
(683, 'M_683', 'K_683', 1989, 'M'),
(684, 'L_684', 'G_684', 1994, 'F'),
(685, 'T_685', 'B_685', 1990, 'F'),
(686, 'J_686', 'Ž_686', 1991, 'M'),
(687, 'O_687', 'Š_687', 1991, 'M'),
(688, 'A_688', 'J_688', NULL, 'F'),
(689, 'T_689', 'A_689', 1989, 'M'),
(690, 'B_690', 'H_690', 1989, 'F'),
(691, 'C_691', 'P_691', NULL, NULL),
(692, 'A_692', 'S_692', 1995, 'F'),
(693, 'K_693', 'K_693', 1993, 'F'),
(694, 'B_694', 'Š_694', 1992, 'F'),
(695, 'A_695', 'J_695', 1990, 'F'),
(696, 'O_696', 'P_696', 1993, 'M'),
(697, 'V_697', 'F_697', NULL, NULL),
(698, 'J_698', 'F_698', 1990, 'M'),
(699, 'J_699', 'S_699', 1989, 'M'),
(700, 'D_700', 'P_700', 1991, 'M'),
(701, 'M_701', 'S_701', 1985, 'M'),
(702, 'A_702', 'M_702', 1989, 'M'),
(703, 'P_703', 'V_703', 1993, 'F'),
(704, 'T_704', 'O_704', NULL, NULL),
(705, 'E_705', 'M_705', 1994, 'F'),
(706, 'V_706', 'h_706', 1992, 'F'),
(707, 'K_707', 'P_707', 1991, 'F'),
(708, 'S_708', 'M_708', 1992, 'M'),
(709, 'J_709', 'H_709', 1991, 'M'),
(710, 'A_710', 'T_710', 1990, 'M'),
(711, 'H_711', 'H_711', 1992, 'F'),
(712, 'B_712', 'S_712', 1994, 'F'),
(713, 'V_713', 'Ž_713', 1994, 'M'),
(714, 'M_714', 'B_714', 1991, 'M'),
(715, 'V_715', 'M_715', 1994, 'F'),
(716, 'L_716', 'H_716', 1992, 'M'),
(717, 'Š_717', 'H_717', 1993, 'F'),
(718, 'a_718', 'c_718', NULL, 'M'),
(719, 'M_719', 'H_719', 1990, 'M'),
(720, 'E_720', 'D_720', 1991, 'M'),
(721, 'E_721', 'M_721', 1990, 'F'),
(722, 'M_722', 'M_722', 1989, 'M'),
(723, 'O_723', 'N_723', NULL, 'M'),
(724, 'V_724', 'S_724', 1993, 'M'),
(725, 'T_725', 'K_725', 1990, 'M'),
(726, 'J_726', 'P_726', NULL, 'F'),
(727, 'j_727', 'k_727', 1992, 'M'),
(728, 'Š_728', 'H_728', 1990, 'M'),
(729, 'A_729', 'M_729', NULL, 'F'),
(731, 'R_731', 'H_731', NULL, 'M'),
(732, 'M_732', 'F_732', 1993, 'F'),
(733, 'B_733', 'Z_733', 1992, 'F'),
(734, 'M_734', 'K_734', NULL, NULL),
(735, 'L_735', 'K_735', 1989, 'F'),
(736, 'L_736', 'P_736', 1990, 'M'),
(737, 'K_737', 'S_737', 1991, 'F'),
(738, 'P_738', 'P_738', 1991, 'M'),
(739, 'J_739', 'F_739', NULL, 'F'),
(740, 'M_740', 'D_740', 1993, 'M'),
(741, 'D_741', 'S_741', 1994, 'M'),
(742, 'H_742', 'S_742', 1990, 'F'),
(743, 'K_743', 'A_743', 1990, 'M'),
(744, 'D_744', 'B_744', 1990, 'M'),
(745, 'T_745', 'L_745', NULL, 'F'),
(746, 'V_746', 'B_746', 1991, 'M'),
(747, 'R_747', 'T_747', 1991, 'M'),
(748, 'R_748', 'P_748', 1985, 'M'),
(749, 'V_749', 'S_749', NULL, NULL),
(750, 'F_750', 'H_750', 1994, 'M'),
(752, 'P_752', 'M_752', 1989, 'M'),
(753, 'S_753', 'G_753', 1995, 'M'),
(754, 'Y_754', 'K_754', 1996, 'F'),
(755, 'C_755', 'P_755', 1996, 'M'),
(756, 'A_756', 'H_756', 1990, 'M'),
(757, 'R_757', 'M_757', 1992, 'M'),
(758, 'P_758', 'R_758', 1990, 'M'),
(759, 'R_759', 'M_759', 1988, 'M'),
(760, 'F_760', 'B_760', 1980, 'M'),
(761, 'J_761', 'S_761', 1991, 'F'),
(762, 'A_762', 'S_762', 1986, 'F'),
(763, 'L_763', 'S_763', 1983, 'M'),
(764, 'H_764', 'H_764', 1993, 'F'),
(765, 'M_765', 'J_765', 1987, 'M'),
(766, 'G_766', 'G_766', 1990, 'M'),
(767, 'J_767', 'H_767', 1991, 'M'),
(768, 'B_768', 'G_768', 1990, 'M'),
(769, 'M_769', 'N_769', 1980, 'M'),
(770, 'N_770', 'M_770', 1992, 'F'),
(771, 'P_771', 'I_771', 1993, 'F'),
(772, 'A_772', 'M_772', 1991, 'F'),
(773, 'R_773', 'C_773', 1989, 'M'),
(774, 'V_774', 'K_774', 1994, 'M'),
(775, 'J_775', 'R_775', 1992, 'M'),
(776, 'A_776', 'A_776', 1989, 'M'),
(777, 'R_777', 'T_777', 1989, 'M'),
(778, 'A_778', 'R_778', 1981, 'M'),
(779, 'J_779', 'S_779', 1991, 'M'),
(780, 'J_780', 'K_780', 1991, 'M'),
(781, 'V_781', 'V_781', 1990, 'F'),
(782, 'O_782', 'Š_782', 1992, 'M'),
(783, 'V_783', 'L_783', 1995, 'F'),
(784, 'j_784', 'n_784', 1992, 'M'),
(785, 'P_785', 'B_785', 1992, 'M'),
(786, 'J_786', 'S_786', NULL, NULL),
(787, 'Ľ_787', 'J_787', 1996, 'M'),
(788, 'M_788', 'K_788', NULL, NULL),
(789, 'Alex', 'Smith', NULL, NULL);

-- --------------------------------------------------------

--
-- Table structure for table `preregistered_buddies`
--

CREATE TABLE IF NOT EXISTS `preregistered_buddies` (
  `email` varchar(100) NOT NULL,
  UNIQUE KEY `email` (`email`)
) ENGINE=InnoDB DEFAULT CHARSET=utf8;

--
-- Dumping data for table `preregistered_buddies`
--

INSERT INTO `preregistered_buddies` (`email`) VALUES
('10071843@xxx.com'),
('10133540@xxx.com'),
('10192030@xxx.com'),
('10217512@xxx.com'),
('10401077@xxx.com'),
('10559616@xxx.com'),
('10570942@xxx.com'),
('10611151@xxx.com'),
('10816036@xxx.com'),
('10841766@xxx.com'),
('10917653@xxx.com'),
('11285001@xxx.com'),
('11347847@xxx.com'),
('11493813@xxx.com'),
('11515635@xxx.com'),
('11563682@xxx.com'),
('11601580@xxx.com'),
('11779325@xxx.com'),
('11805094@xxx.com'),
('12237649@xxx.com'),
('12325949@xxx.com'),
('1245525@xxx.com'),
('12513523@xxx.com'),
('12555106@xxx.com'),
('12679229@xxx.com'),
('12708418@xxx.com'),
('12968921@xxx.com'),
('13056865@xxx.com'),
('13377011@xxx.com'),
('13386027@xxx.com'),
('13454317@xxx.com'),
('1348013@xxx.com'),
('13564600@xxx.com'),
('13891754@xxx.com'),
('14197572@xxx.com'),
('14369876@xxx.com'),
('14398050@xxx.com'),
('14524508@xxx.com'),
('14869178@xxx.com'),
('14902161@xxx.com'),
('15198459@xxx.com'),
('15817246@xxx.com'),
('15897894@xxx.com'),
('15912452@xxx.com'),
('15945430@xxx.com'),
('16140078@xxx.com'),
('1628001@xxx.com'),
('16440260@xxx.com'),
('16500018@xxx.com'),
('16510904@xxx.com'),
('16520533@xxx.com'),
('16606635@xxx.com'),
('16888317@xxx.com'),
('17018655@xxx.com'),
('17229039@xxx.com'),
('17346180@xxx.com'),
('17643978@xxx.com'),
('17895511@xxx.com'),
('18006112@xxx.com'),
('18037374@xxx.com'),
('18063689@xxx.com'),
('18081622@xxx.com'),
('18220457@xxx.com'),
('18328080@xxx.com'),
('18360768@xxx.com'),
('18559279@xxx.com'),
('18589664@xxx.com'),
('18669507@xxx.com'),
('18892666@xxx.com'),
('18904880@xxx.com'),
('18983418@xxx.com'),
('19045062@xxx.com'),
('19233561@xxx.com'),
('19422753@xxx.com'),
('19426857@xxx.com'),
('19439243@xxx.com'),
('1960427@xxx.com'),
('19621819@xxx.com'),
('19931550@xxx.com'),
('20083882@xxx.com'),
('20155729@xxx.com'),
('20256541@xxx.com'),
('20296890@xxx.com'),
('20719613@xxx.com'),
('20779132@xxx.com'),
('2095663@xxx.com'),
('21064213@xxx.com'),
('21074958@xxx.com'),
('21346995@xxx.com'),
('21355520@xxx.com'),
('21538232@xxx.com'),
('21634093@xxx.com'),
('21652454@xxx.com'),
('21774163@xxx.com'),
('22018916@xxx.com'),
('22062458@xxx.com'),
('22128266@xxx.com'),
('22479562@xxx.com'),
('22526023@xxx.com'),
('2274076@xxx.com'),
('22853496@xxx.com'),
('22890893@xxx.com'),
('23003613@xxx.com'),
('23092758@xxx.com'),
('23200768@xxx.com'),
('23265668@xxx.com'),
('23273670@xxx.com'),
('23326910@xxx.com'),
('23341296@xxx.com'),
('23498386@xxx.com'),
('23662424@xxx.com'),
('23794913@xxx.com'),
('23830791@xxx.com'),
('24007854@xxx.com'),
('24179385@xxx.com'),
('24300607@xxx.com'),
('24413047@xxx.com'),
('24415932@xxx.com'),
('24433162@xxx.com'),
('24518441@xxx.com'),
('24539964@xxx.com'),
('24613322@xxx.com'),
('24723306@xxx.com'),
('24759524@xxx.com'),
('25325008@xxx.com'),
('25334311@xxx.com'),
('25393882@xxx.com'),
('25476148@xxx.com'),
('25563748@xxx.com'),
('25600957@xxx.com'),
('25741726@xxx.com'),
('25769472@xxx.com'),
('25877163@xxx.com'),
('26032267@xxx.com'),
('26107984@xxx.com'),
('26149685@xxx.com'),
('26343504@xxx.com'),
('26388948@xxx.com'),
('26673009@xxx.com'),
('2681054@xxx.com'),
('26919433@xxx.com'),
('27126475@xxx.com'),
('27210213@xxx.com'),
('27840849@xxx.com'),
('27854409@xxx.com'),
('27995406@xxx.com'),
('28004405@xxx.com'),
('28015186@xxx.com'),
('28068418@xxx.com'),
('28097593@xxx.com'),
('28319451@xxx.com'),
('28401370@xxx.com'),
('28418237@xxx.com'),
('28457193@xxx.com'),
('28575614@xxx.com'),
('28590554@xxx.com'),
('28778846@xxx.com'),
('28861766@xxx.com'),
('28900521@xxx.com'),
('29029418@xxx.com'),
('29166641@xxx.com'),
('29397214@xxx.com'),
('29402596@xxx.com'),
('2943157@xxx.com'),
('29530470@xxx.com'),
('2959762@xxx.com'),
('29605317@xxx.com'),
('30053145@xxx.com'),
('30117787@xxx.com'),
('30387965@xxx.com'),
('30502528@xxx.com'),
('30522185@xxx.com'),
('30658302@xxx.com'),
('30772958@xxx.com'),
('30795828@xxx.com'),
('30915274@xxx.com'),
('31073923@xxx.com'),
('31486272@xxx.com'),
('31546855@xxx.com'),
('32060128@xxx.com'),
('32124962@xxx.com'),
('32198154@xxx.com'),
('32384502@xxx.com'),
('32399890@xxx.com'),
('32536236@xxx.com'),
('32657159@xxx.com'),
('32833214@xxx.com'),
('32882313@xxx.com'),
('32899383@xxx.com'),
('33142595@xxx.com'),
('3315073@xxx.com'),
('3315346@xxx.com'),
('33188429@xxx.com'),
('33832669@xxx.com'),
('33941435@xxx.com'),
('34093642@xxx.com'),
('34625232@xxx.com'),
('34941340@xxx.com'),
('35123059@xxx.com'),
('35185571@xxx.com'),
('35298774@xxx.com'),
('35432190@xxx.com'),
('35585440@xxx.com'),
('35824733@xxx.com'),
('35831640@xxx.com'),
('35846637@xxx.com'),
('35879997@xxx.com'),
('36019820@xxx.com'),
('36142376@xxx.com'),
('36607016@xxx.com'),
('36751981@xxx.com'),
('36990527@xxx.com'),
('37123582@xxx.com'),
('37225711@xxx.com'),
('3730981@xxx.com'),
('37528279@xxx.com'),
('37596648@xxx.com'),
('37707554@xxx.com'),
('37708323@xxx.com'),
('37764215@xxx.com'),
('37863296@xxx.com'),
('38198406@xxx.com'),
('38355267@xxx.com'),
('38587255@xxx.com'),
('38991572@xxx.com'),
('39172325@xxx.com'),
('39181314@xxx.com'),
('391839@xxx.com'),
('39342586@xxx.com'),
('39435642@xxx.com'),
('39505724@xxx.com'),
('39520065@xxx.com'),
('39608040@xxx.com'),
('39635209@xxx.com'),
('39789194@xxx.com'),
('39877253@xxx.com'),
('39936980@xxx.com'),
('39940886@xxx.com'),
('39946966@xxx.com'),
('40024897@xxx.com'),
('4014640@xxx.com'),
('40474915@xxx.com'),
('40500598@xxx.com'),
('4057414@xxx.com'),
('40813741@xxx.com'),
('40823505@xxx.com'),
('40899371@xxx.com'),
('40967811@xxx.com'),
('41054970@xxx.com'),
('41227183@xxx.com'),
('41322006@xxx.com'),
('41408878@xxx.com'),
('41410661@xxx.com'),
('41429606@xxx.com'),
('41442614@xxx.com'),
('4149620@xxx.com'),
('41656467@xxx.com'),
('41719651@xxx.com'),
('41782299@xxx.com'),
('41927379@xxx.com'),
('42124488@xxx.com'),
('42670231@xxx.com'),
('42743226@xxx.com'),
('42906162@xxx.com'),
('4300937@xxx.com'),
('43047018@xxx.com'),
('43268235@xxx.com'),
('43277378@xxx.com'),
('43423333@xxx.com'),
('43579027@xxx.com'),
('43652186@xxx.com'),
('43725133@xxx.com'),
('43727167@xxx.com'),
('43895549@xxx.com'),
('43896669@xxx.com'),
('43946694@xxx.com'),
('44544690@xxx.com'),
('44551232@xxx.com'),
('44567341@xxx.com'),
('44717970@xxx.com'),
('44806456@xxx.com'),
('44937351@xxx.com'),
('45005758@xxx.com'),
('45020207@xxx.com'),
('45474305@xxx.com'),
('45635260@xxx.com'),
('45741797@xxx.com'),
('4589789@xxx.com'),
('46092244@xxx.com'),
('46212906@xxx.com'),
('46308792@xxx.com'),
('4652505@xxx.com'),
('46530565@xxx.com'),
('46689745@xxx.com'),
('4669155@xxx.com'),
('46787044@xxx.com'),
('46895058@xxx.com'),
('47098303@xxx.com'),
('47239176@xxx.com'),
('47319194@xxx.com'),
('47324671@xxx.com'),
('47523208@xxx.com'),
('47678161@xxx.com'),
('47687163@xxx.com'),
('47688150@xxx.com'),
('47824894@xxx.com'),
('47836528@xxx.com'),
('47997695@xxx.com'),
('48002760@xxx.com'),
('48010780@xxx.com'),
('48019826@xxx.com'),
('48134523@xxx.com'),
('48344436@xxx.com'),
('48472518@xxx.com'),
('48473715@xxx.com'),
('48751667@xxx.com'),
('48912203@xxx.com'),
('49282221@xxx.com'),
('49832569@xxx.com'),
('50084464@xxx.com'),
('50191130@xxx.com'),
('50241263@xxx.com'),
('50335924@xxx.com'),
('50700960@xxx.com'),
('50715883@xxx.com'),
('50774409@xxx.com'),
('50778276@xxx.com'),
('50856557@xxx.com'),
('51186984@xxx.com'),
('51334919@xxx.com'),
('51422427@xxx.com'),
('51718221@xxx.com'),
('518025@xxx.com'),
('51925744@xxx.com'),
('51928823@xxx.com'),
('52203247@xxx.com'),
('52330856@xxx.com'),
('52333998@xxx.com'),
('52477352@xxx.com'),
('52574332@xxx.com'),
('52808036@xxx.com'),
('528676@xxx.com'),
('52960210@xxx.com'),
('53617091@xxx.com'),
('53639696@xxx.com'),
('53640483@xxx.com'),
('53684191@xxx.com'),
('53962640@xxx.com'),
('54070087@xxx.com'),
('5415310@xxx.com'),
('54246273@xxx.com'),
('54437008@xxx.com'),
('54556024@xxx.com'),
('54579570@xxx.com'),
('54603536@xxx.com'),
('54966057@xxx.com'),
('55067072@xxx.com'),
('55079953@xxx.com'),
('55127048@xxx.com'),
('55358325@xxx.com'),
('55533325@xxx.com'),
('55906774@xxx.com'),
('5597654@xxx.com'),
('55979121@xxx.com'),
('56432262@xxx.com'),
('56656844@xxx.com'),
('56699158@xxx.com'),
('56833489@xxx.com'),
('57121072@xxx.com'),
('57384931@xxx.com'),
('57433080@xxx.com'),
('57474404@xxx.com'),
('57634047@xxx.com'),
('57964446@xxx.com'),
('580195@xxx.com'),
('58055480@xxx.com'),
('58147636@xxx.com'),
('58375014@xxx.com'),
('58445949@xxx.com'),
('58478108@xxx.com'),
('58627659@xxx.com'),
('58659648@xxx.com'),
('58770148@xxx.com'),
('58875858@xxx.com'),
('59215350@xxx.com'),
('59481219@xxx.com'),
('59775380@xxx.com'),
('59855040@xxx.com'),
('59996686@xxx.com'),
('6005306@xxx.com'),
('60148721@xxx.com'),
('6024152@xxx.com'),
('60971206@xxx.com'),
('61210259@xxx.com'),
('61218767@xxx.com'),
('61227494@xxx.com'),
('61462306@xxx.com'),
('61777262@xxx.com'),
('61912545@xxx.com'),
('62200786@xxx.com'),
('62207179@xxx.com'),
('62295912@xxx.com'),
('62360404@xxx.com'),
('62481243@xxx.com'),
('62529724@xxx.com'),
('62635212@xxx.com'),
('62642031@xxx.com'),
('62648141@xxx.com'),
('62692834@xxx.com'),
('62981718@xxx.com'),
('63141612@xxx.com'),
('632631@xxx.com'),
('63350869@xxx.com'),
('63356680@xxx.com'),
('63531249@xxx.com'),
('63644387@xxx.com'),
('63692540@xxx.com'),
('63782874@xxx.com'),
('64011623@xxx.com'),
('64182349@xxx.com'),
('64195415@xxx.com'),
('64245121@xxx.com'),
('64291284@xxx.com'),
('64297517@xxx.com'),
('64363261@xxx.com'),
('64577905@xxx.com'),
('64761487@xxx.com'),
('65280115@xxx.com'),
('65350088@xxx.com'),
('65452301@xxx.com'),
('65966295@xxx.com'),
('66322830@xxx.com'),
('66505893@xxx.com'),
('66567372@xxx.com'),
('66786358@xxx.com'),
('66908754@xxx.com'),
('67014263@xxx.com'),
('67141268@xxx.com'),
('67248864@xxx.com'),
('67297621@xxx.com'),
('67328252@xxx.com'),
('67473433@xxx.com'),
('67751240@xxx.com'),
('67816848@xxx.com'),
('6795054@xxx.com'),
('67998467@xxx.com'),
('68198155@xxx.com'),
('68297282@xxx.com'),
('6831049@xxx.com'),
('68319565@xxx.com'),
('68573304@xxx.com'),
('68713647@xxx.com'),
('68728345@xxx.com'),
('68794815@xxx.com'),
('6885869@xxx.com'),
('68920464@xxx.com'),
('68951877@xxx.com'),
('69046957@xxx.com'),
('6923167@xxx.com'),
('69751430@xxx.com'),
('69830425@xxx.com'),
('69916393@xxx.com'),
('69976179@xxx.com'),
('70236671@xxx.com'),
('70248812@xxx.com'),
('70334563@xxx.com'),
('70337307@xxx.com'),
('7061155@xxx.com'),
('70649302@xxx.com'),
('71024953@xxx.com'),
('71114630@xxx.com'),
('71146796@xxx.com'),
('71197468@xxx.com'),
('71389257@xxx.com'),
('71395044@xxx.com'),
('71458453@xxx.com'),
('71693697@xxx.com'),
('7194487@xxx.com'),
('71975227@xxx.com'),
('72031394@xxx.com'),
('72105169@xxx.com'),
('72125465@xxx.com'),
('72313816@xxx.com'),
('72375829@xxx.com'),
('72638730@xxx.com'),
('72738071@xxx.com'),
('72838842@xxx.com'),
('72853223@xxx.com'),
('72868375@xxx.com'),
('73146939@xxx.com'),
('73336467@xxx.com'),
('73374247@xxx.com'),
('73813925@xxx.com'),
('73912687@xxx.com'),
('73922516@xxx.com'),
('73941444@xxx.com'),
('73980245@xxx.com'),
('74007452@xxx.com'),
('74071026@xxx.com'),
('74302564@xxx.com'),
('74324881@xxx.com'),
('74328131@xxx.com'),
('74468263@xxx.com'),
('74573653@xxx.com'),
('74576664@xxx.com'),
('74605256@xxx.com'),
('74665369@xxx.com'),
('74717989@xxx.com'),
('74831407@xxx.com'),
('74945382@xxx.com'),
('74971197@xxx.com'),
('75125158@xxx.com'),
('7530615@xxx.com'),
('75871806@xxx.com'),
('75885544@xxx.com'),
('75900208@xxx.com'),
('7619353@xxx.com'),
('76251041@xxx.com'),
('76401647@xxx.com'),
('76478343@xxx.com'),
('76618940@xxx.com'),
('76751228@xxx.com'),
('76801001@xxx.com'),
('76864487@xxx.com'),
('76904787@xxx.com'),
('7695195@xxx.com'),
('76954084@xxx.com'),
('77220585@xxx.com'),
('77381168@xxx.com'),
('77403553@xxx.com'),
('77423935@xxx.com'),
('77428486@xxx.com'),
('77489415@xxx.com'),
('77554768@xxx.com'),
('77737829@xxx.com'),
('77826346@xxx.com'),
('77947847@xxx.com'),
('77954159@xxx.com'),
('7806158@xxx.com'),
('78075027@xxx.com'),
('78215756@xxx.com'),
('78250972@xxx.com'),
('78313340@xxx.com'),
('78596868@xxx.com'),
('7867465@xxx.com'),
('78693235@xxx.com'),
('78757305@xxx.com'),
('79068664@xxx.com'),
('79227462@xxx.com'),
('79393479@xxx.com'),
('79421522@xxx.com'),
('79509319@xxx.com'),
('79643833@xxx.com'),
('79866168@xxx.com'),
('80172356@xxx.com'),
('8055885@xxx.com'),
('80571655@xxx.com'),
('80809644@xxx.com'),
('81022521@xxx.com'),
('81288698@xxx.com'),
('81534516@xxx.com'),
('81585577@xxx.com'),
('816953@xxx.com'),
('81700931@xxx.com'),
('81821563@xxx.com'),
('8210291@xxx.com'),
('82113811@xxx.com'),
('82150455@xxx.com'),
('821590@xxx.com'),
('82923038@xxx.com'),
('82998307@xxx.com'),
('83075797@xxx.com'),
('83280359@xxx.com'),
('83328463@xxx.com'),
('83335702@xxx.com'),
('83423304@xxx.com'),
('83633160@xxx.com'),
('8370548@xxx.com'),
('83997601@xxx.com'),
('84069751@xxx.com'),
('84323825@xxx.com'),
('84545168@xxx.com'),
('84597256@xxx.com'),
('84623494@xxx.com'),
('84735637@xxx.com'),
('84801374@xxx.com'),
('84921567@xxx.com'),
('8498378@xxx.com'),
('85185289@xxx.com'),
('85247470@xxx.com'),
('85327279@xxx.com'),
('85329851@xxx.com'),
('85464602@xxx.com'),
('85516266@xxx.com'),
('86092035@xxx.com'),
('86136180@xxx.com'),
('86543092@xxx.com'),
('86549572@xxx.com'),
('86676648@xxx.com'),
('86857301@xxx.com'),
('86885795@xxx.com'),
('87067271@xxx.com'),
('8707200@xxx.com'),
('87434742@xxx.com'),
('87443879@xxx.com'),
('87531116@xxx.com'),
('87834455@xxx.com'),
('88034380@xxx.com'),
('88509613@xxx.com'),
('886626@xxx.com'),
('88797100@xxx.com'),
('89080936@xxx.com'),
('89114782@xxx.com'),
('89136109@xxx.com'),
('8920238@xxx.com'),
('89262469@xxx.com'),
('89407860@xxx.com'),
('89439988@xxx.com'),
('89445000@xxx.com'),
('89645558@xxx.com'),
('89671487@xxx.com'),
('89914578@xxx.com'),
('90508746@xxx.com'),
('90600505@xxx.com'),
('90619598@xxx.com'),
('90654532@xxx.com'),
('90703411@xxx.com'),
('91026766@xxx.com'),
('91169526@xxx.com'),
('91438274@xxx.com'),
('9163634@xxx.com'),
('91728202@xxx.com'),
('917941@xxx.com'),
('92011446@xxx.com'),
('92178441@xxx.com'),
('92223612@xxx.com'),
('92416980@xxx.com'),
('92441868@xxx.com'),
('92622274@xxx.com'),
('92866176@xxx.com'),
('92906580@xxx.com'),
('9295315@xxx.com'),
('93011962@xxx.com'),
('93060266@xxx.com'),
('93106977@xxx.com'),
('9315348@xxx.com'),
('93167776@xxx.com'),
('93169102@xxx.com'),
('93235646@xxx.com'),
('93351248@xxx.com'),
('93352234@xxx.com'),
('93878009@xxx.com'),
('94339102@xxx.com'),
('94364210@xxx.com'),
('94421933@xxx.com'),
('94431524@xxx.com'),
('94443535@xxx.com'),
('9451709@xxx.com'),
('94656154@xxx.com'),
('94784066@xxx.com'),
('94819902@xxx.com'),
('94955237@xxx.com'),
('94987210@xxx.com'),
('94993823@xxx.com'),
('9522307@xxx.com'),
('9545113@xxx.com'),
('95493790@xxx.com'),
('95517930@xxx.com'),
('95677641@xxx.com'),
('95924610@xxx.com'),
('9600788@xxx.com'),
('960129@xxx.com'),
('96122124@xxx.com'),
('96238620@xxx.com'),
('96332534@xxx.com'),
('96384566@xxx.com'),
('96391423@xxx.com'),
('96406932@xxx.com'),
('96584788@xxx.com'),
('96630554@xxx.com'),
('96796962@xxx.com'),
('97047234@xxx.com'),
('97244421@xxx.com'),
('97260738@xxx.com'),
('97613297@xxx.com'),
('97891039@xxx.com'),
('97949994@xxx.com'),
('97986870@xxx.com'),
('98019476@xxx.com'),
('98740756@xxx.com'),
('98845637@xxx.com'),
('9907251@xxx.com'),
('99096414@xxx.com'),
('9930535@xxx.com'),
('99498471@xxx.com'),
('99780678@xxx.com'),
('99886625@xxx.com');

-- --------------------------------------------------------

--
-- Table structure for table `semesters`
--

CREATE TABLE IF NOT EXISTS `semesters` (
  `id_semester` tinyint(3) unsigned NOT NULL AUTO_INCREMENT,
  `semester` varchar(45) NOT NULL,
  PRIMARY KEY (`id_semester`),
  UNIQUE KEY `semester_UNIQUE` (`semester`),
  UNIQUE KEY `id_semester_UNIQUE` (`id_semester`)
) ENGINE=InnoDB DEFAULT CHARSET=utf8 AUTO_INCREMENT=1 ;

-- --------------------------------------------------------

--
-- Table structure for table `semesters_has_exchange_students`
--

CREATE TABLE IF NOT EXISTS `semesters_has_exchange_students` (
  `id_semester` tinyint(3) unsigned NOT NULL,
  `id_user` int(10) unsigned NOT NULL,
  PRIMARY KEY (`id_semester`,`id_user`),
  KEY `fk_students` (`id_user`),
  KEY `fk_semesters` (`id_semester`)
) ENGINE=InnoDB DEFAULT CHARSET=utf8;

-- --------------------------------------------------------

--
-- Table structure for table `transportation`
--

CREATE TABLE IF NOT EXISTS `transportation` (
  `id_transportation` tinyint(3) unsigned NOT NULL AUTO_INCREMENT,
  `transportation` varchar(45) NOT NULL,
  `eng` varchar(45) NOT NULL,
  PRIMARY KEY (`id_transportation`),
  UNIQUE KEY `id_transportation_UNIQUE` (`id_transportation`)
) ENGINE=InnoDB  DEFAULT CHARSET=utf8 AUTO_INCREMENT=5 ;

--
-- Dumping data for table `transportation`
--

INSERT INTO `transportation` (`id_transportation`, `transportation`, `eng`) VALUES
(1, 'Jiné', 'Other'),
(2, 'Vlak', 'Train'),
(3, 'Auto', 'Car'),
(4, 'Letadlo', 'Plane');

-- --------------------------------------------------------

--
-- Table structure for table `trips`
--

CREATE TABLE IF NOT EXISTS `trips` (
  `id_trip` int(10) unsigned NOT NULL AUTO_INCREMENT,
  `trip_name` varchar(80) NOT NULL,
  `trip_description` mediumtext,
  `trip_organizers` mediumtext,
  `trip_date_from` datetime DEFAULT NULL,
  `trip_date_to` datetime DEFAULT NULL,
  `trip_active` enum('y','n') NOT NULL DEFAULT 'n',
  `trip_capacity` smallint(5) unsigned DEFAULT NULL,
  `trip_price` smallint(6) unsigned NOT NULL DEFAULT '0',
  PRIMARY KEY (`id_trip`)
) ENGINE=InnoDB  DEFAULT CHARSET=utf8 AUTO_INCREMENT=7 ;

--
-- Dumping data for table `trips`
--

INSERT INTO `trips` (`id_trip`, `trip_name`, `trip_description`, `trip_organizers`, `trip_date_from`, `trip_date_to`, `trip_active`, `trip_capacity`, `trip_price`) VALUES
(1, 'Prague Castle', 'Tour of the historical centre of the city', 'Bob Everyman', '2014-10-10 16:00:00', '2014-10-10 18:00:00', 'y', 80, 120),
(2, 'ČVUT Bar Night', NULL, 'ISC', '2014-11-17 20:00:00', '2014-11-17 23:59:59', 'y', NULL, 99),
(3, 'Křivoklát Medieval Fashion Festival', '', '', NULL, NULL, 'y', 100, 0),
(4, 'Krkonoše Mountains', 'Let''s go skiing!', 'Ski Club ČVUT', '2014-12-11 10:00:00', '2014-12-18 19:00:00', 'y', 200, 3500),
(5, 'Kutná Hora', NULL, NULL, '2015-01-05 14:00:00', NULL, 'y', 50, 100),
(6, 'Temelín', NULL, NULL, NULL, NULL, 'n', NULL, 9999);

-- --------------------------------------------------------

--
-- Table structure for table `trip_registrations`
--

CREATE TABLE IF NOT EXISTS `trip_registrations` (
  `id_registration` int(10) unsigned NOT NULL AUTO_INCREMENT,
  `id_trip` int(10) unsigned NOT NULL,
  `id_user` int(10) unsigned NOT NULL,
  `registration_date` datetime NOT NULL,
  PRIMARY KEY (`id_registration`),
  UNIQUE KEY `trip_user_key` (`id_trip`,`id_user`),
  KEY `fk_students2` (`id_user`)
) ENGINE=InnoDB  DEFAULT CHARSET=utf8 AUTO_INCREMENT=80 ;

--
-- Dumping data for table `trip_registrations`
--

INSERT INTO `trip_registrations` (`id_registration`, `id_trip`, `id_user`, `registration_date`) VALUES
(6, 3, 789, '2014-09-09 18:30:52'),
(8, 5, 100, '2014-09-05 04:51:10'),
(9, 5, 35, '2014-09-04 15:07:36'),
(10, 5, 128, '2014-09-04 10:01:55'),
(11, 5, 236, '2014-09-02 21:21:22'),
(12, 5, 90, '2014-09-02 23:18:12'),
(13, 5, 282, '2014-09-04 19:25:06'),
(14, 5, 55, '2014-09-07 20:12:46'),
(15, 5, 156, '2014-09-08 11:30:32'),
(16, 5, 278, '2014-09-08 23:18:33'),
(17, 5, 370, '2014-09-05 16:30:40'),
(18, 5, 362, '2014-09-05 16:35:37'),
(19, 5, 184, '2014-09-09 01:20:55'),
(20, 5, 763, '2014-09-03 00:56:01'),
(21, 5, 109, '2014-09-06 17:59:22'),
(22, 5, 68, '2014-09-08 15:12:33'),
(23, 5, 85, '2014-09-04 08:16:57'),
(24, 5, 94, '2014-09-06 23:44:33'),
(25, 5, 28, '2014-09-05 14:11:19'),
(26, 5, 170, '2014-09-07 03:41:42'),
(27, 5, 261, '2014-09-05 22:02:30'),
(28, 5, 43, '2014-09-04 01:23:57'),
(29, 5, 307, '2014-09-09 17:38:08'),
(30, 5, 62, '2014-09-09 01:17:26'),
(31, 5, 243, '2014-09-08 22:37:09'),
(32, 5, 248, '2014-09-04 22:03:38'),
(33, 5, 11, '2014-09-09 02:12:09'),
(34, 5, 286, '2014-09-09 08:02:10'),
(35, 5, 114, '2014-09-06 00:29:11'),
(36, 5, 195, '2014-09-07 21:39:25'),
(37, 5, 206, '2014-09-02 23:13:16'),
(38, 5, 78, '2014-09-09 03:26:02'),
(39, 5, 312, '2014-09-09 06:14:08'),
(40, 5, 205, '2014-09-06 13:29:59'),
(41, 5, 418, '2014-09-04 12:44:01'),
(42, 5, 431, '2014-09-07 05:49:52'),
(43, 5, 359, '2014-09-04 23:45:55'),
(44, 5, 424, '2014-09-03 20:15:02'),
(45, 5, 394, '2014-09-09 13:26:56'),
(46, 5, 408, '2014-09-05 23:35:33'),
(47, 5, 226, '2014-09-08 04:59:22'),
(48, 5, 8, '2014-09-05 20:46:20'),
(49, 5, 39, '2014-09-02 19:46:18'),
(50, 5, 225, '2014-09-09 05:43:38'),
(51, 5, 264, '2014-09-03 10:32:11'),
(52, 5, 137, '2014-09-09 15:29:32'),
(53, 5, 5, '2014-09-03 15:59:48'),
(54, 5, 176, '2014-09-08 23:48:25'),
(55, 5, 398, '2014-09-09 09:45:31'),
(56, 5, 314, '2014-09-09 14:59:16'),
(57, 5, 212, '2014-09-04 00:19:05'),
(77, 2, 789, '2014-09-09 20:24:48'),
(79, 4, 789, '2014-09-09 20:30:21');

-- --------------------------------------------------------

--
-- Table structure for table `users`
--

CREATE TABLE IF NOT EXISTS `users` (
  `id_user` int(10) unsigned NOT NULL AUTO_INCREMENT,
  `email` varchar(100) NOT NULL,
  `password` char(60) DEFAULT NULL,
  `hash` char(32) DEFAULT NULL,
  `forgotten_password` char(32) DEFAULT NULL,
  PRIMARY KEY (`id_user`),
  UNIQUE KEY `email_UNIQUE` (`email`),
  UNIQUE KEY `id_user_UNIQUE` (`id_user`)
) ENGINE=InnoDB  DEFAULT CHARSET=utf8 AUTO_INCREMENT=790 ;

--
-- Dumping data for table `users`
--

INSERT INTO `users` (`id_user`, `email`, `password`, `hash`, `forgotten_password`) VALUES
(1, '21189457@xxx.com', NULL, NULL, NULL),
(2, '84992760@xxx.com', NULL, NULL, NULL),
(3, '61395430@xxx.com', NULL, NULL, NULL),
(4, '51998874@xxx.com', NULL, NULL, NULL),
(5, '75808082@xxx.com', NULL, NULL, NULL),
(6, '23043793@xxx.com', NULL, NULL, NULL),
(7, '87794721@xxx.com', NULL, NULL, NULL),
(8, '69842229@xxx.com', NULL, NULL, NULL),
(9, '85826985@xxx.com', NULL, NULL, NULL),
(10, '19608243@xxx.com', NULL, NULL, NULL),
(11, '40560261@xxx.com', NULL, NULL, NULL),
(12, '43976579@xxx.com', NULL, NULL, NULL),
(13, '98202114@xxx.com', NULL, NULL, NULL),
(14, '59080835@xxx.com', NULL, NULL, NULL),
(15, '797838@xxx.com', NULL, NULL, NULL),
(16, '26746688@xxx.com', NULL, NULL, NULL),
(17, '31339929@xxx.com', NULL, NULL, NULL),
(18, '76459585@xxx.com', NULL, NULL, NULL),
(19, '88278140@xxx.com', NULL, NULL, NULL),
(20, '12011947@xxx.com', NULL, NULL, NULL),
(21, '95225318@xxx.com', NULL, NULL, NULL),
(22, '40090754@xxx.com', NULL, NULL, NULL),
(23, '14777819@xxx.com', NULL, NULL, NULL),
(24, '53616836@xxx.com', NULL, NULL, NULL),
(25, '23750725@xxx.com', NULL, NULL, NULL),
(26, '57903122@xxx.com', NULL, NULL, NULL),
(27, '18263435@xxx.com', NULL, NULL, NULL),
(28, '17607814@xxx.com', NULL, NULL, NULL),
(29, '33248769@xxx.com', NULL, NULL, NULL),
(30, '13420407@xxx.com', NULL, NULL, NULL),
(31, '67355728@xxx.com', NULL, NULL, NULL),
(32, '96517425@xxx.com', NULL, NULL, NULL),
(33, '80519941@xxx.com', NULL, NULL, NULL),
(34, '13047436@xxx.com', NULL, NULL, NULL),
(35, '23677360@xxx.com', NULL, NULL, NULL),
(36, '79244495@xxx.com', NULL, NULL, NULL),
(37, '25190397@xxx.com', NULL, NULL, NULL),
(38, '88218502@xxx.com', NULL, NULL, NULL),
(39, '65521324@xxx.com', NULL, NULL, NULL),
(40, '62951119@xxx.com', NULL, NULL, NULL),
(41, '18191622@xxx.com', NULL, NULL, NULL),
(42, '2104759@xxx.com', NULL, NULL, NULL),
(43, '55948933@xxx.com', NULL, NULL, NULL),
(44, '73430389@xxx.com', NULL, NULL, NULL),
(45, '99305151@xxx.com', NULL, NULL, NULL),
(46, '76234590@xxx.com', NULL, NULL, NULL),
(47, '83257501@xxx.com', NULL, NULL, NULL),
(48, '87583738@xxx.com', NULL, NULL, NULL),
(49, '88146191@xxx.com', NULL, NULL, NULL),
(50, '77979743@xxx.com', NULL, NULL, NULL),
(51, '25460144@xxx.com', NULL, NULL, NULL),
(52, '93361495@xxx.com', NULL, NULL, NULL),
(53, '90427045@xxx.com', NULL, NULL, NULL),
(54, '72050744@xxx.com', NULL, NULL, NULL),
(55, '88972588@xxx.com', NULL, NULL, NULL),
(56, '28710710@xxx.com', NULL, NULL, NULL),
(57, '76635792@xxx.com', NULL, NULL, NULL),
(58, '97046831@xxx.com', NULL, NULL, NULL),
(60, '55326781@xxx.com', NULL, NULL, NULL),
(61, '85493417@xxx.com', NULL, NULL, NULL),
(62, '61486742@xxx.com', NULL, NULL, NULL),
(63, '50953465@xxx.com', NULL, NULL, NULL),
(64, '70307102@xxx.com', NULL, NULL, NULL),
(65, '98675118@xxx.com', NULL, NULL, NULL),
(66, '82454285@xxx.com', NULL, NULL, NULL),
(67, '16246076@xxx.com', NULL, NULL, NULL),
(68, '33867528@xxx.com', NULL, NULL, NULL),
(69, '20599415@xxx.com', NULL, NULL, NULL),
(70, '1394495@xxx.com', NULL, NULL, NULL),
(71, '45174234@xxx.com', NULL, NULL, NULL),
(72, '21687688@xxx.com', NULL, NULL, NULL),
(73, '72915741@xxx.com', NULL, NULL, NULL),
(74, '99515645@xxx.com', NULL, NULL, NULL),
(75, '78831004@xxx.com', NULL, NULL, NULL),
(76, '95608087@xxx.com', NULL, NULL, NULL),
(77, '41547428@xxx.com', NULL, NULL, NULL),
(78, '20912879@xxx.com', NULL, NULL, NULL),
(79, '79922117@xxx.com', NULL, NULL, NULL),
(80, '36871951@xxx.com', NULL, NULL, NULL),
(81, '44593406@xxx.com', NULL, NULL, NULL),
(82, '12351181@xxx.com', NULL, NULL, NULL),
(83, '27975690@xxx.com', NULL, NULL, NULL),
(84, '2824908@xxx.com', NULL, NULL, NULL),
(85, '30197476@xxx.com', NULL, NULL, NULL),
(86, '42512657@xxx.com', NULL, NULL, NULL),
(87, '21970859@xxx.com', NULL, NULL, NULL),
(88, '82316328@xxx.com', NULL, NULL, NULL),
(89, '45669068@xxx.com', NULL, NULL, NULL),
(90, '81396356@xxx.com', NULL, NULL, NULL),
(91, '69974579@xxx.com', NULL, NULL, NULL),
(92, '5683832@xxx.com', NULL, NULL, NULL),
(93, '18495426@xxx.com', NULL, NULL, NULL),
(94, '75425637@xxx.com', NULL, NULL, NULL),
(95, '21641910@xxx.com', NULL, NULL, NULL),
(96, '81932640@xxx.com', NULL, NULL, NULL),
(97, '44737474@xxx.com', NULL, NULL, NULL),
(98, '77889455@xxx.com', NULL, NULL, NULL),
(99, '55234853@xxx.com', NULL, NULL, NULL),
(100, '42505906@xxx.com', NULL, NULL, NULL),
(101, '46824972@xxx.com', NULL, NULL, NULL),
(102, '6607147@xxx.com', NULL, NULL, NULL),
(103, '92560819@xxx.com', NULL, NULL, NULL),
(104, '42982660@xxx.com', NULL, NULL, NULL),
(105, '37230845@xxx.com', NULL, NULL, NULL),
(106, '57206250@xxx.com', NULL, NULL, NULL),
(107, '74338718@xxx.com', NULL, NULL, NULL),
(108, '74841@xxx.com', NULL, NULL, NULL),
(109, '77358055@xxx.com', NULL, NULL, NULL),
(110, '86565756@xxx.com', NULL, NULL, NULL),
(111, '754618@xxx.com', NULL, NULL, NULL),
(112, '44075826@xxx.com', NULL, NULL, NULL),
(113, '18115279@xxx.com', NULL, NULL, NULL),
(114, '58348920@xxx.com', NULL, NULL, NULL),
(115, '37398765@xxx.com', NULL, NULL, NULL),
(116, '11947069@xxx.com', NULL, NULL, NULL),
(117, '47539054@xxx.com', NULL, NULL, NULL),
(118, '1854066@xxx.com', NULL, NULL, NULL),
(119, '66653170@xxx.com', NULL, NULL, NULL),
(120, '27703658@xxx.com', NULL, NULL, NULL),
(121, '38558780@xxx.com', NULL, NULL, NULL),
(122, '9682928@xxx.com', NULL, NULL, NULL),
(123, '32738304@xxx.com', NULL, NULL, NULL),
(124, '34642739@xxx.com', NULL, NULL, NULL),
(125, '74998784@xxx.com', NULL, NULL, NULL),
(126, '71065709@xxx.com', NULL, NULL, NULL),
(127, '30332194@xxx.com', NULL, NULL, NULL),
(128, '38463846@xxx.com', NULL, NULL, NULL),
(129, '1322652@xxx.com', NULL, NULL, NULL),
(130, '91221727@xxx.com', NULL, NULL, NULL),
(131, '52140679@xxx.com', NULL, NULL, NULL),
(132, '87038217@xxx.com', NULL, NULL, NULL),
(133, '78769053@xxx.com', NULL, NULL, NULL),
(134, '32730617@xxx.com', NULL, NULL, NULL),
(135, '27345928@xxx.com', NULL, NULL, NULL),
(136, '38537792@xxx.com', NULL, NULL, NULL),
(137, '10651180@xxx.com', NULL, NULL, NULL),
(138, '37642527@xxx.com', NULL, NULL, NULL),
(139, '56259098@xxx.com', NULL, NULL, NULL),
(140, '68367910@xxx.com', NULL, NULL, NULL),
(141, '73062261@xxx.com', NULL, NULL, NULL),
(142, '60207578@xxx.com', NULL, NULL, NULL),
(143, '81851112@xxx.com', NULL, NULL, NULL),
(144, '28632826@xxx.com', NULL, NULL, NULL),
(145, '97610798@xxx.com', NULL, NULL, NULL),
(146, '2155514@xxx.com', NULL, NULL, NULL),
(147, '17945182@xxx.com', NULL, NULL, NULL),
(148, '83259369@xxx.com', NULL, NULL, NULL),
(149, '62461301@xxx.com', NULL, NULL, NULL),
(150, '62528403@xxx.com', NULL, NULL, NULL),
(151, '25258112@xxx.com', NULL, NULL, NULL),
(152, '38705357@xxx.com', NULL, NULL, NULL),
(153, '17752452@xxx.com', NULL, NULL, NULL),
(154, '72646194@xxx.com', NULL, NULL, NULL),
(155, '9973614@xxx.com', NULL, NULL, NULL),
(156, '31929491@xxx.com', NULL, NULL, NULL),
(157, '29726618@xxx.com', NULL, NULL, NULL),
(158, '52844620@xxx.com', NULL, NULL, NULL),
(159, '75043247@xxx.com', NULL, NULL, NULL),
(160, '16682379@xxx.com', NULL, NULL, NULL),
(161, '58282155@xxx.com', NULL, NULL, NULL),
(162, '41363644@xxx.com', NULL, NULL, NULL),
(163, '31971759@xxx.com', NULL, NULL, NULL),
(164, '35767863@xxx.com', NULL, NULL, NULL),
(165, '82924043@xxx.com', NULL, NULL, NULL),
(166, '7316629@xxx.com', NULL, NULL, NULL),
(167, '87811017@xxx.com', NULL, NULL, NULL),
(168, '17105202@xxx.com', NULL, NULL, NULL),
(169, '22092962@xxx.com', NULL, NULL, NULL),
(170, '59149209@xxx.com', NULL, NULL, NULL),
(171, '29467160@xxx.com', NULL, NULL, NULL),
(172, '69888179@xxx.com', NULL, NULL, NULL),
(173, '61039415@xxx.com', NULL, NULL, NULL),
(174, '95532543@xxx.com', NULL, NULL, NULL),
(175, '94544471@xxx.com', NULL, NULL, NULL),
(176, '86124731@xxx.com', NULL, NULL, NULL),
(177, '46990247@xxx.com', NULL, NULL, NULL),
(178, '76577041@xxx.com', NULL, NULL, NULL),
(179, '41914470@xxx.com', NULL, NULL, NULL),
(180, '79841230@xxx.com', NULL, NULL, NULL),
(181, '73462743@xxx.com', NULL, NULL, NULL),
(182, '27790030@xxx.com', NULL, NULL, NULL),
(183, '18561921@xxx.com', NULL, NULL, NULL),
(184, '9439521@xxx.com', NULL, NULL, NULL),
(185, '91511843@xxx.com', NULL, NULL, NULL),
(186, '29240654@xxx.com', NULL, NULL, NULL),
(187, '71667745@xxx.com', NULL, NULL, NULL),
(188, '70616765@xxx.com', NULL, NULL, NULL),
(189, '38080593@xxx.com', NULL, NULL, NULL),
(190, '78552673@xxx.com', NULL, NULL, NULL),
(191, '78521588@xxx.com', NULL, NULL, NULL),
(192, '56949927@xxx.com', NULL, NULL, NULL),
(193, '49184871@xxx.com', NULL, NULL, NULL),
(194, '75074579@xxx.com', NULL, NULL, NULL),
(195, '27818283@xxx.com', NULL, NULL, NULL),
(196, '13867680@xxx.com', NULL, NULL, NULL),
(197, '85883556@xxx.com', NULL, NULL, NULL),
(198, '87814744@xxx.com', NULL, NULL, NULL),
(199, '81423056@xxx.com', NULL, NULL, NULL),
(200, '43671051@xxx.com', NULL, NULL, NULL),
(201, '74086088@xxx.com', NULL, NULL, NULL),
(202, '39417291@xxx.com', NULL, NULL, NULL),
(203, '74828194@xxx.com', NULL, NULL, NULL),
(204, '55889100@xxx.com', NULL, NULL, NULL),
(205, '54960923@xxx.com', NULL, NULL, NULL),
(206, '7137315@xxx.com', NULL, NULL, NULL),
(207, '70803812@xxx.com', NULL, NULL, NULL),
(208, '32607116@xxx.com', NULL, NULL, NULL),
(209, '50624149@xxx.com', NULL, NULL, NULL),
(210, '55299397@xxx.com', NULL, NULL, NULL),
(211, '24624544@xxx.com', NULL, NULL, NULL),
(212, '57224533@xxx.com', NULL, NULL, NULL),
(213, '12249034@xxx.com', NULL, NULL, NULL),
(214, '89571575@xxx.com', NULL, NULL, NULL),
(215, '11110774@xxx.com', NULL, NULL, NULL),
(216, '86839150@xxx.com', NULL, NULL, NULL),
(217, '863429@xxx.com', NULL, NULL, NULL),
(218, '43799699@xxx.com', NULL, NULL, NULL),
(219, '16408210@xxx.com', NULL, NULL, NULL),
(220, '50641956@xxx.com', NULL, NULL, NULL),
(221, '3985154@xxx.com', NULL, NULL, NULL),
(222, '67999904@xxx.com', NULL, NULL, NULL),
(223, '28044063@xxx.com', NULL, NULL, NULL),
(224, '36220607@xxx.com', NULL, NULL, NULL),
(225, '96970846@xxx.com', NULL, NULL, NULL),
(226, '76192414@xxx.com', NULL, NULL, NULL),
(227, '90049536@xxx.com', NULL, NULL, NULL),
(228, '21670439@xxx.com', NULL, NULL, NULL),
(229, '38203591@xxx.com', NULL, NULL, NULL),
(230, '26006642@xxx.com', NULL, NULL, NULL),
(231, '15422441@xxx.com', NULL, NULL, NULL),
(232, '99092281@xxx.com', NULL, NULL, NULL),
(233, '49194084@xxx.com', NULL, NULL, NULL),
(234, '48693583@xxx.com', NULL, NULL, NULL),
(235, '95885663@xxx.com', NULL, NULL, NULL),
(236, '33347570@xxx.com', NULL, NULL, NULL),
(237, '79080865@xxx.com', NULL, NULL, NULL),
(238, '95361617@xxx.com', NULL, NULL, NULL),
(239, '39565495@xxx.com', NULL, NULL, NULL),
(240, '11742625@xxx.com', NULL, NULL, NULL),
(241, '40016642@xxx.com', NULL, NULL, NULL),
(242, '64855340@xxx.com', NULL, NULL, NULL),
(243, '4226778@xxx.com', NULL, NULL, NULL),
(244, '26567873@xxx.com', NULL, NULL, NULL),
(245, '20159033@xxx.com', NULL, NULL, NULL),
(246, '21091548@xxx.com', NULL, NULL, NULL),
(247, '44980645@xxx.com', NULL, NULL, NULL),
(248, '61628584@xxx.com', NULL, NULL, NULL),
(249, '73200989@xxx.com', NULL, NULL, NULL),
(250, '81119196@xxx.com', NULL, NULL, NULL),
(251, '85993017@xxx.com', NULL, NULL, NULL),
(252, '86607501@xxx.com', NULL, NULL, NULL),
(253, '75058454@xxx.com', NULL, NULL, NULL),
(254, '15469772@xxx.com', NULL, NULL, NULL),
(255, '52173501@xxx.com', NULL, NULL, NULL),
(256, '14458190@xxx.com', NULL, NULL, NULL),
(257, '15770453@xxx.com', NULL, NULL, NULL),
(258, '35477695@xxx.com', NULL, NULL, NULL),
(259, '30077121@xxx.com', NULL, NULL, NULL),
(260, '43952522@xxx.com', NULL, NULL, NULL),
(261, '29531249@xxx.com', NULL, NULL, NULL),
(262, '15798685@xxx.com', NULL, NULL, NULL),
(263, '90399678@xxx.com', NULL, NULL, NULL),
(264, '4602339@xxx.com', NULL, NULL, NULL),
(265, '51812666@xxx.com', NULL, NULL, NULL),
(266, '45256317@xxx.com', NULL, NULL, NULL),
(267, '70843587@xxx.com', NULL, NULL, NULL),
(268, '18448990@xxx.com', NULL, NULL, NULL),
(269, '79714189@xxx.com', NULL, NULL, NULL),
(270, '43223979@xxx.com', NULL, NULL, NULL),
(271, '76977332@xxx.com', NULL, NULL, NULL),
(272, '55214728@xxx.com', NULL, NULL, NULL),
(273, '45141644@xxx.com', NULL, NULL, NULL),
(274, '60064039@xxx.com', NULL, NULL, NULL),
(275, '64895267@xxx.com', NULL, NULL, NULL),
(276, '44284223@xxx.com', NULL, NULL, NULL),
(277, '26735315@xxx.com', NULL, NULL, NULL),
(278, '823912@xxx.com', NULL, NULL, NULL),
(279, '23913615@xxx.com', NULL, NULL, NULL),
(280, '17096342@xxx.com', NULL, NULL, NULL),
(281, '13740870@xxx.com', NULL, NULL, NULL),
(282, '17415327@xxx.com', NULL, NULL, NULL),
(283, '45854029@xxx.com', NULL, NULL, NULL),
(284, '77024167@xxx.com', NULL, NULL, NULL),
(285, '47558752@xxx.com', NULL, NULL, NULL),
(286, '6721259@xxx.com', NULL, NULL, NULL),
(287, '90930045@xxx.com', NULL, NULL, NULL),
(288, '34486452@xxx.com', NULL, NULL, NULL),
(289, '99642127@xxx.com', NULL, NULL, NULL),
(290, '94751281@xxx.com', NULL, NULL, NULL),
(291, '74830030@xxx.com', NULL, NULL, NULL),
(292, '89896307@xxx.com', NULL, NULL, NULL),
(293, '24991450@xxx.com', NULL, NULL, NULL),
(294, '55268330@xxx.com', NULL, NULL, NULL),
(295, '1367304@xxx.com', NULL, NULL, NULL),
(296, '41031532@xxx.com', NULL, NULL, NULL),
(297, '1055750@xxx.com', NULL, NULL, NULL),
(298, '82184158@xxx.com', NULL, NULL, NULL),
(299, '7753544@xxx.com', NULL, NULL, NULL),
(300, '92215250@xxx.com', NULL, NULL, NULL),
(301, '37815622@xxx.com', NULL, NULL, NULL),
(302, '12432360@xxx.com', NULL, NULL, NULL),
(303, '48714937@xxx.com', NULL, NULL, NULL),
(304, '6277610@xxx.com', NULL, NULL, NULL),
(305, '85243239@xxx.com', NULL, NULL, NULL),
(306, '7383371@xxx.com', NULL, NULL, NULL),
(307, '81187141@xxx.com', NULL, NULL, NULL),
(308, '83785594@xxx.com', NULL, NULL, NULL),
(309, '75366549@xxx.com', NULL, NULL, NULL),
(310, '25475969@xxx.com', NULL, NULL, NULL),
(311, '1280200@xxx.com', NULL, NULL, NULL),
(312, '29973095@xxx.com', NULL, NULL, NULL),
(313, '46024878@xxx.com', NULL, NULL, NULL),
(314, '40205107@xxx.com', NULL, NULL, NULL),
(315, '62950905@xxx.com', NULL, NULL, NULL),
(316, '94139206@xxx.com', NULL, NULL, NULL),
(317, '81843321@xxx.com', NULL, NULL, NULL),
(318, '26798987@xxx.com', NULL, NULL, NULL),
(319, '88464976@xxx.com', NULL, NULL, NULL),
(320, '61927924@xxx.com', NULL, NULL, NULL),
(321, '44244693@xxx.com', NULL, NULL, NULL),
(322, '35439697@xxx.com', NULL, NULL, NULL),
(323, '44464407@xxx.com', NULL, NULL, NULL),
(324, '16002948@xxx.com', NULL, NULL, NULL),
(325, '46621523@xxx.com', NULL, NULL, NULL),
(326, '85098775@xxx.com', NULL, NULL, NULL),
(327, '85629307@xxx.com', NULL, NULL, NULL),
(328, '72850215@xxx.com', NULL, NULL, NULL),
(329, '7363156@xxx.com', NULL, NULL, NULL),
(330, '18265140@xxx.com', NULL, NULL, NULL),
(331, '69236234@xxx.com', NULL, NULL, NULL),
(332, '91385754@xxx.com', NULL, NULL, NULL),
(333, '49220069@xxx.com', NULL, NULL, NULL),
(334, '71943088@xxx.com', NULL, NULL, NULL),
(335, '12055234@xxx.com', NULL, NULL, NULL),
(336, '44446912@xxx.com', NULL, NULL, NULL),
(337, '86068858@xxx.com', NULL, NULL, NULL),
(338, '97003557@xxx.com', NULL, NULL, NULL),
(339, '26811214@xxx.com', NULL, NULL, NULL),
(340, '43045401@xxx.com', NULL, NULL, NULL),
(341, '34793368@xxx.com', NULL, NULL, NULL),
(342, '44830639@xxx.com', NULL, NULL, NULL),
(343, '19773095@xxx.com', NULL, NULL, NULL),
(344, '64373563@xxx.com', NULL, NULL, NULL),
(345, '62548531@xxx.com', NULL, NULL, NULL),
(346, '19621968@xxx.com', NULL, NULL, NULL),
(347, '10464252@xxx.com', NULL, NULL, NULL),
(348, '93455358@xxx.com', NULL, NULL, NULL),
(349, '35884037@xxx.com', NULL, NULL, NULL),
(350, '99054115@xxx.com', NULL, NULL, NULL),
(351, '87618465@xxx.com', NULL, NULL, NULL),
(352, '40929986@xxx.com', NULL, NULL, NULL),
(353, '41794535@xxx.com', NULL, NULL, NULL),
(354, '86182723@xxx.com', NULL, NULL, NULL),
(355, '5530010@xxx.com', NULL, NULL, NULL),
(356, '69101885@xxx.com', NULL, NULL, NULL),
(357, '28919398@xxx.com', NULL, NULL, NULL),
(358, '37291339@xxx.com', NULL, NULL, NULL),
(359, '99698502@xxx.com', NULL, NULL, NULL),
(360, '86618497@xxx.com', NULL, NULL, NULL),
(361, '33996982@xxx.com', NULL, NULL, NULL),
(362, '10129420@xxx.com', NULL, NULL, NULL),
(363, '48656159@xxx.com', NULL, NULL, NULL),
(364, '12892538@xxx.com', NULL, NULL, NULL),
(365, '18494216@xxx.com', NULL, NULL, NULL),
(366, '53793468@xxx.com', NULL, NULL, NULL),
(367, '13484695@xxx.com', NULL, NULL, NULL),
(368, '6043075@xxx.com', NULL, NULL, NULL),
(369, '89761291@xxx.com', NULL, NULL, NULL),
(370, '30677236@xxx.com', NULL, NULL, NULL),
(371, '84102308@xxx.com', NULL, NULL, NULL),
(372, '28479836@xxx.com', NULL, NULL, NULL),
(373, '90092259@xxx.com', NULL, NULL, NULL),
(374, '65021791@xxx.com', NULL, NULL, NULL),
(375, '54832179@xxx.com', NULL, NULL, NULL),
(376, '79095527@xxx.com', NULL, NULL, NULL),
(377, '30981099@xxx.com', NULL, NULL, NULL),
(378, '17618918@xxx.com', NULL, NULL, NULL),
(379, '95151296@xxx.com', NULL, NULL, NULL),
(380, '22899729@xxx.com', NULL, NULL, NULL),
(381, '29044760@xxx.com', NULL, NULL, NULL),
(382, '76524618@xxx.com', NULL, NULL, NULL),
(383, '95488810@xxx.com', NULL, NULL, NULL),
(384, '47870201@xxx.com', NULL, NULL, NULL),
(385, '52884576@xxx.com', NULL, NULL, NULL),
(386, '20812281@xxx.com', NULL, NULL, NULL),
(387, '45407682@xxx.com', NULL, NULL, NULL),
(388, '64601569@xxx.com', NULL, NULL, NULL),
(389, '86784802@xxx.com', NULL, NULL, NULL),
(390, '40119306@xxx.com', NULL, NULL, NULL),
(391, '40242129@xxx.com', NULL, NULL, NULL),
(392, '80852728@xxx.com', NULL, NULL, NULL),
(393, '83537257@xxx.com', NULL, NULL, NULL),
(394, '75128105@xxx.com', NULL, NULL, NULL),
(395, '25028754@xxx.com', NULL, NULL, NULL),
(396, '99759460@xxx.com', NULL, NULL, NULL),
(397, '23711042@xxx.com', NULL, NULL, NULL),
(398, '19276832@xxx.com', NULL, NULL, NULL),
(399, '25251036@xxx.com', NULL, NULL, NULL),
(400, '68424686@xxx.com', NULL, NULL, NULL),
(401, '66370326@xxx.com', NULL, NULL, NULL),
(402, '26577574@xxx.com', NULL, NULL, NULL),
(403, '33776896@xxx.com', NULL, NULL, NULL),
(404, '89151762@xxx.com', NULL, NULL, NULL),
(405, '44428124@xxx.com', NULL, NULL, NULL),
(406, '54685338@xxx.com', NULL, NULL, NULL),
(407, '40142322@xxx.com', NULL, NULL, NULL),
(408, '36655599@xxx.com', NULL, NULL, NULL),
(409, '62851031@xxx.com', NULL, NULL, NULL),
(410, '4288362@xxx.com', NULL, NULL, NULL),
(411, '32888719@xxx.com', NULL, NULL, NULL),
(412, '51578511@xxx.com', NULL, NULL, NULL),
(413, '59226404@xxx.com', NULL, NULL, NULL),
(414, '41396487@xxx.com', NULL, NULL, NULL),
(415, '29303228@xxx.com', NULL, NULL, NULL),
(416, '22326682@xxx.com', NULL, NULL, NULL),
(417, '23723728@xxx.com', NULL, NULL, NULL),
(418, '51638597@xxx.com', NULL, NULL, NULL),
(419, '87021805@xxx.com', NULL, NULL, NULL),
(420, '80193235@xxx.com', NULL, NULL, NULL),
(421, '39900764@xxx.com', NULL, NULL, NULL),
(422, '58924119@xxx.com', NULL, NULL, NULL),
(423, '74918305@xxx.com', NULL, NULL, NULL),
(424, '97819170@xxx.com', NULL, NULL, NULL),
(425, '64340937@xxx.com', NULL, NULL, NULL),
(426, '28247180@xxx.com', NULL, NULL, NULL),
(427, '48213090@xxx.com', NULL, NULL, NULL),
(428, '56323914@xxx.com', NULL, NULL, NULL),
(429, '36980304@xxx.com', NULL, NULL, NULL),
(430, '15929779@xxx.com', NULL, NULL, NULL),
(431, '68707988@xxx.com', NULL, NULL, NULL),
(432, '95750606@xxx.com', NULL, NULL, NULL),
(433, '72629070@xxx.com', NULL, NULL, NULL),
(434, '75893535@xxx.com', NULL, NULL, NULL),
(435, '61580467@xxx.com', NULL, NULL, NULL),
(436, '80221733@xxx.com', NULL, NULL, NULL),
(437, '16367269@xxx.com', NULL, NULL, NULL),
(438, '41171149@xxx.com', NULL, NULL, NULL),
(439, '56753940@xxx.com', NULL, NULL, NULL),
(440, '60256256@xxx.com', NULL, NULL, NULL),
(441, '31019465@xxx.com', NULL, NULL, NULL),
(442, '74328557@xxx.com', NULL, NULL, NULL),
(443, '78584396@xxx.com', NULL, NULL, NULL),
(444, '69936309@xxx.com', NULL, NULL, NULL),
(445, '13928363@xxx.com', NULL, NULL, NULL),
(446, '59832888@xxx.com', NULL, NULL, NULL),
(447, '57379356@xxx.com', NULL, NULL, NULL),
(448, '7398117@xxx.com', NULL, NULL, NULL),
(449, '64852523@xxx.com', NULL, NULL, NULL),
(450, '2068266@xxx.com', NULL, NULL, NULL),
(451, '15783766@xxx.com', NULL, NULL, NULL),
(452, '72714032@xxx.com', NULL, NULL, NULL),
(453, '16218865@xxx.com', NULL, NULL, NULL),
(454, '62952233@xxx.com', NULL, NULL, NULL),
(456, '66104575@xxx.com', NULL, NULL, NULL),
(457, '41666177@xxx.com', NULL, NULL, NULL),
(458, '10017165@xxx.com', NULL, NULL, NULL),
(459, '25087298@xxx.com', NULL, NULL, NULL),
(460, '95384995@xxx.com', NULL, NULL, NULL),
(461, '1663086@xxx.com', NULL, NULL, NULL),
(462, '22160448@xxx.com', NULL, NULL, NULL),
(463, '5812983@xxx.com', NULL, NULL, NULL),
(464, '62583575@xxx.com', NULL, NULL, NULL),
(465, '95478931@xxx.com', NULL, NULL, NULL),
(466, '89643933@xxx.com', NULL, NULL, NULL),
(467, '61782874@xxx.com', NULL, NULL, NULL),
(468, '39982575@xxx.com', NULL, NULL, NULL),
(469, '14564255@xxx.com', NULL, NULL, NULL),
(470, '52873553@xxx.com', NULL, NULL, NULL),
(471, '20675003@xxx.com', NULL, NULL, NULL),
(472, '44754361@xxx.com', NULL, NULL, NULL),
(473, '61746799@xxx.com', NULL, NULL, NULL),
(474, '74470915@xxx.com', NULL, NULL, NULL),
(475, '87114182@xxx.com', NULL, NULL, NULL),
(476, '12158169@xxx.com', NULL, NULL, NULL),
(477, '99448301@xxx.com', NULL, NULL, NULL),
(478, '60767002@xxx.com', NULL, NULL, NULL),
(479, '5490111@xxx.com', NULL, NULL, NULL),
(480, '45149552@xxx.com', NULL, NULL, NULL),
(481, '9277430@xxx.com', NULL, NULL, NULL),
(482, '10938496@xxx.com', NULL, NULL, NULL),
(483, '26860193@xxx.com', NULL, NULL, NULL),
(484, '1485478@xxx.com', NULL, NULL, NULL),
(485, '26846818@xxx.com', NULL, NULL, NULL),
(486, '29777655@xxx.com', NULL, NULL, NULL),
(487, '68347828@xxx.com', NULL, NULL, NULL),
(488, '52406176@xxx.com', NULL, NULL, NULL),
(489, '56987401@xxx.com', NULL, NULL, NULL),
(490, '27718480@xxx.com', NULL, NULL, NULL),
(491, '67630200@xxx.com', NULL, NULL, NULL),
(492, '54995561@xxx.com', NULL, NULL, NULL),
(494, '72087209@xxx.com', NULL, NULL, NULL),
(496, '95449364@xxx.com', NULL, NULL, NULL),
(497, '60985197@xxx.com', NULL, NULL, NULL),
(498, '18577896@xxx.com', NULL, NULL, NULL),
(499, '9933890@xxx.com', NULL, NULL, NULL),
(500, '93935768@xxx.com', NULL, NULL, NULL),
(501, '39877173@xxx.com', NULL, NULL, NULL),
(502, '17578565@xxx.com', NULL, NULL, NULL),
(503, '68261307@xxx.com', NULL, NULL, NULL),
(504, '88570846@xxx.com', NULL, NULL, NULL),
(505, '38070309@xxx.com', NULL, NULL, NULL),
(506, '24639012@xxx.com', NULL, NULL, NULL),
(507, '8984134@xxx.com', NULL, NULL, NULL),
(508, '71003636@xxx.com', NULL, NULL, NULL),
(509, '28065784@xxx.com', NULL, NULL, NULL),
(510, '27318015@xxx.com', NULL, NULL, NULL),
(511, '52392727@xxx.com', NULL, NULL, NULL),
(512, '80009592@xxx.com', NULL, NULL, NULL),
(513, '42869780@xxx.com', NULL, NULL, NULL),
(514, '74320129@xxx.com', NULL, NULL, NULL),
(515, '42991309@xxx.com', NULL, NULL, NULL),
(516, '91996158@xxx.com', NULL, NULL, NULL),
(517, '31006868@xxx.com', NULL, NULL, NULL),
(518, '79045871@xxx.com', NULL, NULL, NULL),
(519, '2208750@xxx.com', NULL, NULL, NULL),
(520, '73906144@xxx.com', NULL, NULL, NULL),
(521, '62904470@xxx.com', NULL, NULL, NULL),
(522, '92803922@xxx.com', NULL, NULL, NULL),
(523, '75306204@xxx.com', NULL, NULL, NULL),
(524, '98119257@xxx.com', NULL, NULL, NULL),
(526, '64677674@xxx.com', NULL, NULL, NULL),
(527, '29030604@xxx.com', NULL, NULL, NULL),
(528, '51120001@xxx.com', NULL, NULL, NULL),
(529, '68508196@xxx.com', NULL, NULL, NULL),
(530, '89180981@xxx.com', NULL, NULL, NULL),
(531, '40380320@xxx.com', NULL, NULL, NULL),
(532, '34358662@xxx.com', NULL, NULL, NULL),
(533, '50652350@xxx.com', NULL, NULL, NULL),
(534, '50185766@xxx.com', NULL, NULL, NULL),
(535, '98971784@xxx.com', NULL, NULL, NULL),
(536, '44301626@xxx.com', NULL, NULL, NULL),
(537, '24592782@xxx.com', NULL, NULL, NULL),
(538, '90059034@xxx.com', NULL, NULL, NULL),
(539, '76516828@xxx.com', NULL, NULL, NULL),
(540, '12407041@xxx.com', NULL, NULL, NULL),
(541, '32484725@xxx.com', NULL, NULL, NULL),
(542, '25202505@xxx.com', NULL, NULL, NULL),
(543, '28558353@xxx.com', NULL, NULL, NULL),
(544, '67184255@xxx.com', NULL, NULL, NULL),
(545, '50246216@xxx.com', NULL, NULL, NULL),
(546, '49678320@xxx.com', NULL, NULL, NULL),
(547, '97652953@xxx.com', NULL, NULL, NULL),
(548, '39229809@xxx.com', NULL, NULL, NULL),
(549, '3190188@xxx.com', NULL, NULL, NULL),
(550, '98261518@xxx.com', NULL, NULL, NULL),
(551, '81737027@xxx.com', NULL, NULL, NULL),
(552, '13900586@xxx.com', NULL, NULL, NULL),
(553, '24291851@xxx.com', NULL, NULL, NULL),
(554, '79757499@xxx.com', NULL, NULL, NULL),
(555, '25911947@xxx.com', NULL, NULL, NULL),
(557, '90287240@xxx.com', NULL, NULL, NULL),
(558, '73700362@xxx.com', NULL, NULL, NULL),
(559, '97640094@xxx.com', NULL, NULL, NULL),
(560, '67099384@xxx.com', NULL, NULL, NULL),
(561, '42576645@xxx.com', NULL, NULL, NULL),
(562, '11585074@xxx.com', NULL, NULL, NULL),
(563, '30195439@xxx.com', NULL, NULL, NULL),
(564, '16221976@xxx.com', NULL, NULL, NULL),
(565, '90523564@xxx.com', NULL, NULL, NULL),
(566, '3951898@xxx.com', NULL, NULL, NULL),
(567, '48188799@xxx.com', NULL, NULL, NULL),
(568, '29088306@xxx.com', NULL, NULL, NULL),
(569, '875135@xxx.com', NULL, NULL, NULL),
(570, '17110761@xxx.com', NULL, NULL, NULL),
(571, '82928402@xxx.com', NULL, NULL, NULL),
(572, '63309729@xxx.com', NULL, NULL, NULL),
(573, '67763443@xxx.com', NULL, NULL, NULL),
(574, '48888033@xxx.com', NULL, NULL, NULL),
(575, '41149836@xxx.com', NULL, NULL, NULL),
(576, '59085086@xxx.com', NULL, NULL, NULL),
(577, '71975926@xxx.com', NULL, NULL, NULL),
(578, '82624376@xxx.com', NULL, NULL, NULL),
(579, '97194102@xxx.com', NULL, NULL, NULL),
(580, '38097388@xxx.com', NULL, NULL, NULL),
(581, '98904638@xxx.com', NULL, NULL, NULL),
(582, '80231026@xxx.com', NULL, NULL, NULL),
(583, '4441222@xxx.com', NULL, NULL, NULL),
(584, '81513033@xxx.com', NULL, NULL, NULL),
(585, '94241501@xxx.com', NULL, NULL, NULL),
(586, '26668409@xxx.com', NULL, NULL, NULL),
(587, '50617548@xxx.com', NULL, NULL, NULL),
(588, '73082514@xxx.com', NULL, NULL, NULL),
(589, '13559931@xxx.com', NULL, NULL, NULL),
(590, '48552115@xxx.com', NULL, NULL, NULL),
(591, '2080786@xxx.com', NULL, NULL, NULL),
(593, '64747589@xxx.com', NULL, NULL, NULL),
(594, '17495590@xxx.com', NULL, NULL, NULL),
(595, '93235185@xxx.com', NULL, NULL, NULL),
(597, '13689160@xxx.com', NULL, NULL, NULL),
(598, '88740246@xxx.com', NULL, NULL, NULL),
(599, '2633756@xxx.com', NULL, NULL, NULL),
(600, '46948042@xxx.com', NULL, NULL, NULL),
(601, '26838946@xxx.com', NULL, NULL, NULL),
(602, '93350608@xxx.com', NULL, NULL, NULL),
(603, '86236202@xxx.com', NULL, NULL, NULL),
(604, '51129193@xxx.com', NULL, NULL, NULL),
(605, '96937359@xxx.com', NULL, NULL, NULL),
(606, '31299220@xxx.com', NULL, NULL, NULL),
(608, '65684026@xxx.com', NULL, NULL, NULL),
(609, '34522472@xxx.com', NULL, NULL, NULL),
(610, '75560284@xxx.com', NULL, NULL, NULL),
(611, '74234008@xxx.com', NULL, NULL, NULL),
(612, '44489190@xxx.com', NULL, NULL, NULL),
(613, '99743929@xxx.com', NULL, NULL, NULL),
(614, '65252080@xxx.com', NULL, NULL, NULL),
(615, '27028616@xxx.com', NULL, NULL, NULL),
(616, '39386842@xxx.com', NULL, NULL, NULL),
(617, '15848366@xxx.com', NULL, NULL, NULL),
(618, '61081305@xxx.com', NULL, NULL, NULL),
(619, '57861433@xxx.com', NULL, NULL, NULL),
(620, '6063253@xxx.com', NULL, NULL, NULL),
(621, '56731969@xxx.com', NULL, NULL, NULL),
(622, '65470090@xxx.com', NULL, NULL, NULL),
(623, '57154546@xxx.com', NULL, NULL, NULL),
(624, '89362460@xxx.com', NULL, NULL, NULL),
(625, '75348668@xxx.com', NULL, NULL, NULL),
(626, '8655964@xxx.com', NULL, NULL, NULL),
(627, '17233816@xxx.com', NULL, NULL, NULL),
(628, '60201194@xxx.com', NULL, NULL, NULL),
(629, '49304524@xxx.com', NULL, NULL, NULL),
(630, '65919039@xxx.com', NULL, NULL, NULL),
(631, '81681628@xxx.com', NULL, NULL, NULL),
(632, '10651025@xxx.com', NULL, NULL, NULL),
(633, '8210245@xxx.com', NULL, NULL, NULL),
(634, '9098153@xxx.com', NULL, NULL, NULL),
(635, '20860031@xxx.com', NULL, NULL, NULL),
(636, '77005702@xxx.com', NULL, NULL, NULL),
(637, '22448419@xxx.com', NULL, NULL, NULL),
(638, '81224991@xxx.com', NULL, NULL, NULL),
(639, '38779702@xxx.com', NULL, NULL, NULL),
(640, '50223541@xxx.com', NULL, NULL, NULL),
(641, '34778600@xxx.com', NULL, NULL, NULL),
(642, '23222380@xxx.com', NULL, NULL, NULL),
(643, '11776105@xxx.com', NULL, NULL, NULL),
(644, '89213388@xxx.com', NULL, NULL, NULL),
(645, '10738628@xxx.com', NULL, NULL, NULL),
(646, '86052981@xxx.com', NULL, NULL, NULL),
(647, '98049021@xxx.com', NULL, NULL, NULL),
(648, '32086168@xxx.com', NULL, NULL, NULL),
(649, '66283777@xxx.com', NULL, NULL, NULL),
(650, '35160384@xxx.com', NULL, NULL, NULL),
(651, '76950593@xxx.com', NULL, NULL, NULL),
(652, '79271814@xxx.com', NULL, NULL, NULL),
(653, '65507296@xxx.com', NULL, NULL, NULL),
(654, '89721039@xxx.com', NULL, NULL, NULL),
(655, '52083311@xxx.com', NULL, NULL, NULL),
(656, '91253443@xxx.com', NULL, NULL, NULL),
(657, '17283@xxx.com', NULL, NULL, NULL),
(658, '26326091@xxx.com', NULL, NULL, NULL),
(659, '31578608@xxx.com', NULL, NULL, NULL),
(660, '78914770@xxx.com', NULL, NULL, NULL),
(661, '99838030@xxx.com', NULL, NULL, NULL),
(662, '62445841@xxx.com', NULL, NULL, NULL),
(663, '12715118@xxx.com', NULL, NULL, NULL),
(664, '76238071@xxx.com', NULL, NULL, NULL),
(665, '43045005@xxx.com', NULL, NULL, NULL),
(666, '86510816@xxx.com', NULL, NULL, NULL),
(667, '3419068@xxx.com', NULL, NULL, NULL),
(668, '57562893@xxx.com', NULL, NULL, NULL),
(669, '77557267@xxx.com', NULL, NULL, NULL),
(670, '15097658@xxx.com', NULL, NULL, NULL),
(671, '42816493@xxx.com', NULL, NULL, NULL),
(672, '68789493@xxx.com', NULL, NULL, NULL),
(673, '15497990@xxx.com', NULL, NULL, NULL),
(674, '71121472@xxx.com', NULL, NULL, NULL),
(675, '9113393@xxx.com', NULL, NULL, NULL),
(676, '32202554@xxx.com', NULL, NULL, NULL),
(677, '33672595@xxx.com', NULL, NULL, NULL),
(678, '71755316@xxx.com', NULL, NULL, NULL),
(679, '57758795@xxx.com', NULL, NULL, NULL),
(680, '73528033@xxx.com', NULL, NULL, NULL),
(681, '94363781@xxx.com', NULL, NULL, NULL),
(682, '51234810@xxx.com', NULL, NULL, NULL),
(683, '73082709@xxx.com', NULL, NULL, NULL),
(684, '11709118@xxx.com', NULL, NULL, NULL),
(685, '39297467@xxx.com', NULL, NULL, NULL),
(686, '61359982@xxx.com', NULL, NULL, NULL),
(687, '88907513@xxx.com', NULL, NULL, NULL),
(688, '60457623@xxx.com', NULL, NULL, NULL),
(689, '35565579@xxx.com', NULL, NULL, NULL),
(690, '96455030@xxx.com', NULL, NULL, NULL),
(691, '75578415@xxx.com', NULL, NULL, NULL),
(692, '88526987@xxx.com', NULL, NULL, NULL),
(693, '15899692@xxx.com', NULL, NULL, NULL),
(694, '13917505@xxx.com', NULL, NULL, NULL),
(695, '21888450@xxx.com', NULL, NULL, NULL),
(696, '67689738@xxx.com', NULL, NULL, NULL),
(697, '72783343@xxx.com', NULL, NULL, NULL),
(698, '60847506@xxx.com', NULL, NULL, NULL),
(699, '85887502@xxx.com', NULL, NULL, NULL),
(700, '46894995@xxx.com', NULL, NULL, NULL),
(701, '76812471@xxx.com', NULL, NULL, NULL),
(702, '43377376@xxx.com', NULL, NULL, NULL),
(703, '86449467@xxx.com', NULL, NULL, NULL),
(704, '2115213@xxx.com', NULL, NULL, NULL),
(705, '51227664@xxx.com', NULL, NULL, NULL),
(706, '49792686@xxx.com', NULL, NULL, NULL),
(707, '95280439@xxx.com', NULL, NULL, NULL),
(708, '27024143@xxx.com', NULL, NULL, NULL),
(709, '49279398@xxx.com', NULL, NULL, NULL),
(710, '65324565@xxx.com', NULL, NULL, NULL),
(711, '78784635@xxx.com', NULL, NULL, NULL),
(712, '97949483@xxx.com', NULL, NULL, NULL),
(713, '53393513@xxx.com', NULL, NULL, NULL),
(714, '73119117@xxx.com', NULL, NULL, NULL),
(715, '5415052@xxx.com', NULL, NULL, NULL),
(716, '7717911@xxx.com', NULL, NULL, NULL),
(717, '22344404@xxx.com', NULL, NULL, NULL),
(718, '88568287@xxx.com', NULL, NULL, NULL),
(719, '75808226@xxx.com', NULL, NULL, NULL),
(720, '13336274@xxx.com', NULL, NULL, NULL),
(721, '39256695@xxx.com', NULL, NULL, NULL),
(722, '56274657@xxx.com', NULL, NULL, NULL),
(723, '63603202@xxx.com', NULL, NULL, NULL),
(724, '49192043@xxx.com', NULL, NULL, NULL),
(725, '55150610@xxx.com', NULL, NULL, NULL),
(726, '28176926@xxx.com', NULL, NULL, NULL),
(727, '75432802@xxx.com', NULL, NULL, NULL),
(728, '92633234@xxx.com', NULL, NULL, NULL),
(729, '36867768@xxx.com', NULL, NULL, NULL),
(731, '6439142@xxx.com', NULL, NULL, NULL),
(732, '21592409@xxx.com', NULL, NULL, NULL),
(733, '88644623@xxx.com', NULL, NULL, NULL),
(734, '78445891@xxx.com', NULL, NULL, NULL),
(735, '26295590@xxx.com', NULL, NULL, NULL),
(736, '96140279@xxx.com', NULL, NULL, NULL),
(737, '1814629@xxx.com', NULL, NULL, NULL),
(738, '20652311@xxx.com', NULL, NULL, NULL),
(739, '97817671@xxx.com', NULL, NULL, NULL),
(740, '27131424@xxx.com', NULL, NULL, NULL),
(741, '42204111@xxx.com', NULL, NULL, NULL),
(742, '29626287@xxx.com', NULL, NULL, NULL),
(743, '21519103@xxx.com', NULL, NULL, NULL),
(744, '18716658@xxx.com', NULL, NULL, NULL),
(745, '29025984@xxx.com', NULL, NULL, NULL),
(746, '88979950@xxx.com', NULL, NULL, NULL),
(747, '57821799@xxx.com', NULL, NULL, NULL),
(748, '22169148@xxx.com', NULL, NULL, NULL),
(749, '37380347@xxx.com', NULL, NULL, NULL),
(750, '20394293@xxx.com', NULL, NULL, NULL),
(752, '89830430@xxx.com', NULL, NULL, NULL),
(753, '87969271@xxx.com', NULL, NULL, NULL),
(754, '70355067@xxx.com', NULL, NULL, NULL),
(755, '87867529@xxx.com', NULL, NULL, NULL),
(756, '28272443@xxx.com', NULL, NULL, NULL),
(757, '77759635@xxx.com', NULL, NULL, NULL),
(758, '3980847@xxx.com', NULL, NULL, NULL),
(759, '86625331@xxx.com', NULL, NULL, NULL),
(760, '21184120@xxx.com', NULL, NULL, NULL),
(761, '46044610@xxx.com', NULL, NULL, NULL),
(762, '66670694@xxx.com', NULL, NULL, NULL),
(763, '95219641@xxx.com', NULL, NULL, NULL),
(764, '76086128@xxx.com', NULL, NULL, NULL),
(765, '94771717@xxx.com', NULL, NULL, NULL),
(766, '45600207@xxx.com', NULL, NULL, NULL),
(767, '43685886@xxx.com', NULL, NULL, NULL),
(768, '81628811@xxx.com', NULL, NULL, NULL),
(769, '77086401@xxx.com', NULL, NULL, NULL),
(770, '40545576@xxx.com', NULL, NULL, NULL),
(771, '71468678@xxx.com', NULL, NULL, NULL),
(772, '35706665@xxx.com', NULL, NULL, NULL),
(773, '64127296@xxx.com', NULL, NULL, NULL),
(774, '13516486@xxx.com', NULL, NULL, NULL),
(775, '75200546@xxx.com', NULL, NULL, NULL),
(776, '35453274@xxx.com', NULL, NULL, NULL),
(777, '51664738@xxx.com', NULL, NULL, NULL),
(778, '51963868@xxx.com', NULL, NULL, NULL),
(779, '4825129@xxx.com', NULL, NULL, NULL),
(780, '68234044@xxx.com', NULL, NULL, NULL),
(781, '26694835@xxx.com', NULL, NULL, NULL),
(782, '28772048@xxx.com', NULL, NULL, NULL),
(783, '63775736@xxx.com', NULL, NULL, NULL),
(784, '32562540@xxx.com', NULL, NULL, NULL),
(785, '71485497@xxx.com', NULL, NULL, NULL),
(786, '59739867@xxx.com', NULL, NULL, NULL),
(787, '84242845@xxx.com', NULL, NULL, NULL),
(788, '41994628@xxx.com', NULL, NULL, NULL),
(789, 'some@email.address', NULL, NULL, NULL);

-- --------------------------------------------------------

--
-- Table structure for table `vwExchange_students`
--

CREATE TABLE IF NOT EXISTS `vwExchange_students` (
  `id_user` int(10) unsigned DEFAULT NULL,
  `email` varchar(100) DEFAULT NULL,
  `first_name` varchar(45) DEFAULT NULL,
  `last_name` varchar(45) DEFAULT NULL,
  `country` varchar(44) DEFAULT NULL,
  `faculty` varchar(38) DEFAULT NULL,
  `dormitory` varchar(45) DEFAULT NULL
) ENGINE=InnoDB DEFAULT CHARSET=latin1;

--
-- Constraints for dumped tables
--

--
-- Constraints for table `arrivals`
--
ALTER TABLE `arrivals`
  ADD CONSTRAINT `fk_exchange_students` FOREIGN KEY (`id_user`) REFERENCES `exchange_students` (`id_user`) ON DELETE CASCADE ON UPDATE CASCADE,
  ADD CONSTRAINT `fk_transportations` FOREIGN KEY (`id_transportation`) REFERENCES `transportation` (`id_transportation`) ON UPDATE CASCADE;

--
-- Constraints for table `buddies`
--
ALTER TABLE `buddies`
  ADD CONSTRAINT `buddies_ibfk_2` FOREIGN KEY (`id_faculty`) REFERENCES `faculties` (`id_faculty`) ON UPDATE CASCADE,
  ADD CONSTRAINT `fk_people` FOREIGN KEY (`id_user`) REFERENCES `people` (`id_user`) ON DELETE CASCADE ON UPDATE CASCADE;

--
-- Constraints for table `exchange_students`
--
ALTER TABLE `exchange_students`
  ADD CONSTRAINT `fk_accommodation` FOREIGN KEY (`id_accommodation`) REFERENCES `accommodation` (`id_accommodation`) ON UPDATE CASCADE,
  ADD CONSTRAINT `fk_buddies` FOREIGN KEY (`id_buddy`) REFERENCES `buddies` (`id_user`) ON DELETE SET NULL ON UPDATE CASCADE,
  ADD CONSTRAINT `fk_countries` FOREIGN KEY (`id_country`) REFERENCES `countries` (`id_country`) ON UPDATE CASCADE,
  ADD CONSTRAINT `fk_faculties` FOREIGN KEY (`id_faculty`) REFERENCES `faculties` (`id_faculty`) ON UPDATE CASCADE,
  ADD CONSTRAINT `fk_people2` FOREIGN KEY (`id_user`) REFERENCES `people` (`id_user`) ON DELETE CASCADE ON UPDATE CASCADE;

--
-- Constraints for table `people`
--
ALTER TABLE `people`
  ADD CONSTRAINT `fk_people_users1` FOREIGN KEY (`id_user`) REFERENCES `users` (`id_user`) ON DELETE CASCADE ON UPDATE CASCADE;

--
-- Constraints for table `semesters_has_exchange_students`
--
ALTER TABLE `semesters_has_exchange_students`
  ADD CONSTRAINT `fk_semesters` FOREIGN KEY (`id_semester`) REFERENCES `semesters` (`id_semester`) ON UPDATE CASCADE,
  ADD CONSTRAINT `fk_students` FOREIGN KEY (`id_user`) REFERENCES `exchange_students` (`id_user`) ON DELETE CASCADE ON UPDATE CASCADE;

--
-- Constraints for table `trip_registrations`
--
ALTER TABLE `trip_registrations`
  ADD CONSTRAINT `fk_students2` FOREIGN KEY (`id_user`) REFERENCES `people` (`id_user`) ON DELETE CASCADE ON UPDATE CASCADE,
  ADD CONSTRAINT `fk_trips` FOREIGN KEY (`id_trip`) REFERENCES `trips` (`id_trip`) ON DELETE CASCADE ON UPDATE CASCADE;

/*!40101 SET CHARACTER_SET_CLIENT=@OLD_CHARACTER_SET_CLIENT */;
/*!40101 SET CHARACTER_SET_RESULTS=@OLD_CHARACTER_SET_RESULTS */;
/*!40101 SET COLLATION_CONNECTION=@OLD_COLLATION_CONNECTION */;
