-- phpMyAdmin SQL Dump
-- version 3.5.5
-- http://www.phpmyadmin.net
--
-- Host: sql5.freesqldatabase.com
-- Generation Time: Sep 09, 2014 at 09:43 PM
-- Server version: 5.5.37-0ubuntu0.14.04.1
-- PHP Version: 5.3.28

SET SQL_MODE="NO_AUTO_VALUE_ON_ZERO";
SET time_zone = "+00:00";


/*!40101 SET @OLD_CHARACTER_SET_CLIENT=@@CHARACTER_SET_CLIENT */;
/*!40101 SET @OLD_CHARACTER_SET_RESULTS=@@CHARACTER_SET_RESULTS */;
/*!40101 SET @OLD_COLLATION_CONNECTION=@@COLLATION_CONNECTION */;
/*!40101 SET NAMES utf8 */;


-- --------------------------------------------------------

--
-- Table structure for table `arrivals`
--

CREATE TABLE IF NOT EXISTS `arrivals` (
  `id_user` int(10) unsigned NOT NULL,
  `arrival` datetime NOT NULL,
  `id_transportation` tinyint(3) unsigned NOT NULL,
  `buddy_status` tinyint(3) unsigned DEFAULT NULL,
  `buddy_information` text,
  PRIMARY KEY (`id_user`),
  KEY `fk_transportations` (`id_transportation`)
) ENGINE=InnoDB DEFAULT CHARSET=utf8;

--
-- Dumping data for table `arrivals`
--

INSERT INTO `arrivals` (`id_user`, `arrival`, `id_transportation`, `buddy_status`, `buddy_information`) VALUES
(2, '2014-09-11 13:30:00', 4, NULL, NULL),
(3, '2014-09-13 17:00:00', 4, NULL, NULL),
(4, '2014-09-13 17:00:00', 4, NULL, NULL),
(5, '2014-09-11 20:30:00', 4, NULL, NULL),
(6, '2014-09-12 11:00:00', 4, NULL, NULL),
(7, '2014-09-14 14:30:00', 4, NULL, NULL),
(8, '2014-09-11 09:30:00', 4, NULL, NULL),
(10, '2014-09-11 14:00:00', 4, NULL, NULL),
(12, '2014-09-11 09:30:00', 4, NULL, NULL),
(13, '2014-09-12 11:00:00', 3, NULL, NULL),
(14, '2014-09-12 15:00:00', 4, NULL, NULL),
(15, '2014-09-10 09:30:00', 4, NULL, NULL),
(16, '2014-09-11 09:30:00', 4, NULL, NULL),
(17, '2014-09-12 17:00:00', 3, NULL, NULL),
(19, '2014-09-12 13:30:00', 4, NULL, NULL),
(20, '2014-09-12 09:30:00', 4, NULL, NULL),
(21, '2014-09-11 09:30:00', 4, NULL, NULL),
(22, '2014-09-12 15:00:00', 4, NULL, NULL),
(23, '2014-09-12 13:30:00', 4, NULL, NULL),
(24, '2014-09-12 09:30:00', 2, NULL, NULL),
(27, '2014-09-12 15:00:00', 4, NULL, NULL),
(30, '2014-09-15 09:00:00', 4, NULL, NULL),
(31, '2014-09-13 13:00:00', 2, NULL, NULL),
(34, '2014-09-13 13:30:00', 4, NULL, NULL),
(35, '2014-09-13 19:30:00', 2, NULL, NULL),
(36, '2014-09-14 11:00:00', 4, NULL, NULL),
(38, '2014-09-11 11:00:00', 4, NULL, NULL),
(39, '2014-09-11 10:00:00', 4, NULL, NULL),
(40, '2014-09-10 22:30:00', 4, NULL, NULL),
(41, '2014-09-11 11:30:00', 4, NULL, NULL),
(42, '2014-09-12 06:30:00', 1, NULL, NULL),
(43, '2014-09-15 10:30:00', 4, NULL, NULL),
(44, '2014-09-09 19:00:00', 4, NULL, NULL),
(46, '2014-09-12 15:30:00', 1, NULL, NULL),
(48, '2014-09-12 11:00:00', 4, NULL, NULL),
(49, '2014-09-12 11:00:00', 4, NULL, NULL),
(50, '2014-09-12 14:00:00', 4, NULL, NULL),
(51, '2014-09-12 11:00:00', 4, NULL, NULL),
(52, '2014-09-12 11:00:00', 4, NULL, NULL),
(53, '2014-09-12 10:55:00', 4, NULL, NULL),
(54, '2014-09-10 12:00:00', 4, NULL, NULL),
(55, '2014-09-10 10:00:00', 4, NULL, NULL),
(56, '2014-09-10 11:30:00', 4, NULL, NULL),
(58, '2014-09-11 13:00:00', 4, NULL, NULL),
(60, '2014-09-11 14:30:00', 4, NULL, NULL),
(61, '2014-09-11 14:30:00', 4, NULL, NULL),
(62, '2014-09-12 15:30:00', 4, NULL, NULL),
(63, '2014-09-12 13:30:00', 4, NULL, NULL),
(64, '2014-09-11 12:30:00', 4, NULL, NULL),
(65, '2014-09-16 16:00:00', 4, NULL, NULL),
(66, '2014-09-10 17:30:00', 1, NULL, NULL),
(67, '2014-09-12 18:00:00', 4, NULL, NULL),
(69, '2014-09-12 09:30:00', 4, NULL, NULL),
(70, '2014-09-11 20:00:00', 4, NULL, NULL),
(71, '2014-09-11 20:00:00', 4, NULL, NULL),
(72, '2014-09-11 19:50:00', 4, NULL, NULL),
(73, '2014-09-11 19:50:00', 4, NULL, NULL),
(74, '2014-09-11 20:00:00', 4, NULL, NULL),
(76, '2014-09-11 14:30:00', 4, NULL, NULL),
(77, '2014-09-11 14:30:00', 4, NULL, NULL),
(78, '2014-09-13 17:00:00', 4, NULL, NULL),
(79, '2014-09-10 17:00:00', 4, NULL, NULL),
(81, '2014-09-12 17:00:00', 4, NULL, NULL),
(82, '2014-09-12 17:00:00', 4, NULL, NULL),
(83, '2014-09-11 17:30:00', 4, NULL, NULL),
(84, '2014-09-11 09:00:00', 4, NULL, NULL),
(85, '2014-09-12 22:30:00', 4, NULL, NULL),
(86, '2014-09-14 14:30:00', 2, NULL, NULL),
(87, '2014-09-09 20:00:00', 4, NULL, NULL),
(88, '2014-09-12 01:30:00', 2, NULL, NULL),
(90, '2014-09-10 17:00:00', 4, NULL, NULL),
(91, '2014-09-11 20:30:00', 4, NULL, NULL),
(92, '2014-09-10 17:00:00', 4, NULL, NULL),
(93, '2014-09-10 11:30:00', 4, NULL, NULL),
(94, '2014-09-11 21:00:00', 4, NULL, NULL),
(95, '2014-09-12 16:30:00', 4, NULL, NULL),
(96, '2014-09-12 20:30:00', 4, NULL, NULL),
(97, '2014-09-12 19:50:00', 4, NULL, NULL),
(98, '2014-09-16 09:00:00', 4, NULL, NULL),
(99, '2014-09-12 11:30:00', 1, NULL, NULL),
(102, '2014-09-11 17:30:00', 4, NULL, NULL),
(104, '2014-09-11 13:30:00', 4, NULL, NULL),
(105, '2014-09-11 13:30:00', 4, NULL, NULL),
(107, '2014-09-12 14:00:00', 4, NULL, NULL),
(108, '2014-09-11 14:30:00', 4, NULL, NULL),
(110, '2014-09-12 10:00:00', 4, NULL, NULL),
(111, '2014-09-12 10:00:00', 4, NULL, NULL),
(112, '2014-09-08 09:00:00', 4, NULL, NULL),
(114, '2014-09-11 09:00:00', 4, NULL, NULL),
(117, '2014-09-12 15:30:00', 4, NULL, NULL),
(120, '2014-09-13 12:30:00', 4, NULL, NULL),
(121, '2014-09-15 13:00:00', 4, NULL, NULL),
(122, '2014-09-12 15:30:00', 2, NULL, NULL),
(124, '2014-09-13 12:00:00', 3, NULL, NULL),
(125, '2014-09-07 17:00:00', 4, NULL, NULL),
(126, '2014-09-07 20:30:00', 4, NULL, NULL),
(127, '2014-09-07 20:30:00', 4, NULL, NULL),
(128, '2014-09-14 19:00:00', 1, NULL, NULL),
(130, '2014-09-09 13:00:00', 1, NULL, NULL),
(132, '2014-09-11 17:00:00', 4, NULL, NULL),
(134, '2014-09-14 14:00:00', 4, NULL, NULL),
(139, '2014-09-15 20:30:00', 4, NULL, NULL),
(140, '2014-09-14 18:00:00', 4, NULL, NULL),
(142, '2014-09-07 23:00:00', 4, NULL, NULL),
(143, '2014-09-14 16:00:00', 4, NULL, NULL),
(145, '2014-09-08 16:30:00', 4, NULL, NULL),
(148, '2014-09-11 16:30:00', 4, NULL, NULL),
(149, '2014-09-10 20:30:00', 4, NULL, NULL),
(151, '2014-09-04 20:00:00', 4, NULL, NULL),
(152, '2014-09-11 10:00:00', 4, NULL, NULL),
(154, '2014-08-20 08:30:00', 4, NULL, NULL),
(155, '2014-09-12 18:00:00', 4, NULL, NULL),
(157, '2014-09-10 19:00:00', 2, NULL, NULL),
(159, '2014-09-13 08:00:00', 1, NULL, NULL),
(160, '2014-09-11 21:00:00', 4, NULL, NULL),
(162, '2014-09-11 13:00:00', 4, NULL, NULL),
(163, '2014-09-07 20:30:00', 4, NULL, NULL),
(164, '2014-08-31 15:00:00', 2, NULL, NULL),
(167, '2014-09-11 16:30:00', 4, NULL, NULL),
(168, '2014-09-10 17:30:00', 2, NULL, NULL),
(169, '2014-09-11 09:30:00', 2, NULL, NULL),
(170, '2014-09-11 14:00:00', 4, NULL, NULL),
(171, '2014-09-14 04:30:00', 1, NULL, NULL),
(172, '2014-09-07 13:00:00', 4, NULL, NULL),
(173, '2014-09-10 21:30:00', 4, NULL, NULL),
(174, '2014-09-10 21:00:00', 4, NULL, NULL),
(175, '2014-09-06 18:00:00', 4, NULL, NULL),
(176, '2014-09-11 12:00:00', 4, NULL, NULL),
(177, '2014-09-12 08:00:00', 4, NULL, NULL),
(178, '2014-09-11 14:30:00', 4, NULL, NULL),
(179, '2014-09-11 14:30:00', 4, NULL, NULL),
(182, '2014-09-10 20:30:00', 4, NULL, NULL),
(183, '2014-09-11 16:30:00', 4, NULL, NULL),
(188, '2014-09-13 19:00:00', 3, NULL, NULL),
(189, '2014-09-13 23:30:00', 3, NULL, NULL),
(194, '2014-09-12 15:00:00', 3, NULL, NULL),
(195, '2014-09-12 15:00:00', 3, NULL, NULL),
(197, '2014-09-13 17:00:00', 2, NULL, NULL),
(198, '2014-09-11 17:30:00', 2, NULL, NULL),
(199, '2014-09-13 10:30:00', 1, NULL, NULL),
(200, '2014-09-11 08:30:00', 4, NULL, NULL),
(202, '2014-09-10 20:30:00', 4, NULL, NULL),
(203, '2014-09-14 11:00:00', 4, NULL, NULL),
(205, '2014-09-14 18:00:00', 4, NULL, NULL),
(206, '2014-09-14 20:00:00', 4, NULL, NULL),
(207, '2014-09-10 12:00:00', 4, NULL, NULL),
(208, '2014-09-14 18:00:00', 4, NULL, NULL),
(209, '2014-09-09 19:00:00', 4, NULL, NULL),
(211, '2014-09-10 20:30:00', 4, NULL, NULL),
(213, '2014-09-11 18:00:00', 4, NULL, NULL),
(214, '2014-09-11 18:00:00', 4, NULL, NULL),
(215, '2014-09-12 08:30:00', 3, NULL, NULL),
(216, '2014-09-12 15:00:00', 3, NULL, NULL),
(217, '2014-09-11 18:00:00', 4, NULL, NULL),
(219, '2014-09-11 12:00:00', 3, NULL, NULL),
(220, '2014-09-13 10:00:00', 4, NULL, NULL),
(221, '2014-09-11 11:00:00', 4, NULL, NULL),
(222, '2014-09-10 21:00:00', 4, NULL, NULL),
(223, '2014-09-13 09:00:00', 4, NULL, NULL),
(224, '2014-09-13 09:00:00', 4, NULL, NULL),
(225, '2014-09-13 09:00:00', 4, NULL, NULL),
(228, '2014-09-12 12:30:00', 1, NULL, NULL),
(230, '2014-09-13 08:40:00', 4, NULL, NULL),
(231, '2014-09-14 14:30:00', 4, NULL, NULL),
(232, '2014-09-12 11:30:00', 4, NULL, NULL),
(233, '2014-09-13 21:00:00', 4, NULL, NULL),
(234, '2014-09-13 09:00:00', 4, NULL, NULL),
(235, '2014-09-11 12:00:00', 4, NULL, NULL),
(237, '2014-09-11 14:30:00', 1, NULL, NULL),
(239, '2014-09-11 13:30:00', 2, NULL, NULL),
(240, '2014-09-13 11:30:00', 4, NULL, NULL),
(241, '2014-09-13 17:00:00', 4, NULL, NULL),
(242, '2014-09-10 16:30:00', 4, NULL, NULL),
(243, '2014-09-14 16:00:00', 3, NULL, NULL),
(245, '2014-10-05 03:30:00', 4, NULL, NULL),
(246, '2014-09-01 20:00:00', 3, NULL, NULL),
(247, '2014-08-29 15:00:00', 4, NULL, NULL),
(248, '2014-08-29 15:00:00', 4, NULL, NULL),
(249, '2014-09-14 15:30:00', 4, NULL, NULL),
(252, '2014-09-11 13:00:00', 4, NULL, NULL),
(253, '2014-09-11 13:00:00', 4, NULL, NULL),
(254, '2014-09-11 17:00:00', 4, NULL, NULL),
(255, '2014-09-14 08:30:00', 1, NULL, NULL),
(256, '2014-09-12 08:30:00', 4, NULL, NULL),
(257, '2014-09-12 22:30:00', 4, NULL, NULL),
(259, '2014-09-11 16:30:00', 4, NULL, NULL),
(260, '2014-09-11 16:30:00', 4, NULL, NULL),
(261, '2014-09-11 16:30:00', 4, NULL, NULL),
(262, '2014-09-12 10:00:00', 4, NULL, NULL),
(263, '2014-09-13 17:00:00', 4, NULL, NULL),
(264, '2014-09-03 13:00:00', 4, NULL, NULL),
(266, '2014-09-12 18:00:00', 4, NULL, NULL),
(267, '2014-09-11 13:30:00', 4, NULL, NULL),
(268, '2014-09-11 14:30:00', 4, NULL, NULL),
(270, '2014-09-11 13:00:00', 4, NULL, NULL),
(271, '2014-09-11 17:00:00', 4, NULL, NULL),
(272, '2014-09-11 17:00:00', 4, NULL, NULL),
(273, '2014-09-11 09:00:00', 4, NULL, NULL),
(275, '2014-09-14 16:00:00', 4, NULL, NULL),
(276, '2014-09-11 13:00:00', 4, NULL, NULL),
(280, '2014-09-12 17:00:00', 3, NULL, NULL),
(283, '2014-09-14 14:00:00', 4, NULL, NULL),
(287, '2014-09-13 15:00:00', 4, NULL, NULL),
(289, '2014-09-11 16:00:00', 3, NULL, NULL),
(291, '2014-09-12 17:00:00', 4, NULL, NULL),
(292, '2014-09-11 10:30:00', 3, NULL, NULL),
(294, '2014-09-11 12:00:00', 4, NULL, NULL),
(295, '2014-09-11 22:00:00', 4, NULL, NULL),
(296, '2014-09-04 20:30:00', 4, NULL, NULL),
(298, '2014-09-12 16:45:00', 4, NULL, NULL),
(299, '2014-09-12 11:00:00', 4, NULL, NULL),
(300, '2014-09-12 10:30:00', 4, NULL, NULL),
(301, '2014-09-12 09:00:00', 1, NULL, NULL),
(303, '2014-09-03 17:00:00', 1, NULL, NULL),
(305, '2014-09-01 17:00:00', 2, NULL, NULL),
(306, '2014-09-11 11:30:00', 4, NULL, NULL),
(308, '2014-09-11 00:00:00', 4, NULL, NULL),
(309, '2014-09-13 14:30:00', 2, NULL, NULL),
(314, '2014-09-13 15:30:00', 1, NULL, NULL),
(315, '2014-09-11 16:00:00', 3, NULL, NULL),
(316, '2014-09-11 16:00:00', 3, NULL, NULL),
(317, '2014-09-12 17:00:00', 3, NULL, NULL),
(319, '2014-09-12 23:30:00', 4, NULL, NULL),
(320, '2014-09-11 22:00:00', 4, NULL, NULL),
(322, '2014-09-14 11:00:00', 4, NULL, NULL),
(326, '2014-09-11 21:00:00', 4, NULL, NULL),
(327, '2014-09-10 09:00:00', 4, NULL, NULL),
(328, '2014-09-11 20:30:00', 4, NULL, NULL),
(329, '2014-09-10 11:30:00', 4, NULL, NULL),
(330, '2014-09-11 11:00:00', 4, NULL, NULL),
(331, '2014-09-11 11:00:00', 4, NULL, NULL),
(338, '2014-09-13 07:30:00', 4, NULL, NULL),
(340, '2014-09-09 20:00:00', 4, NULL, NULL),
(342, '2014-09-11 04:00:00', 4, NULL, NULL),
(345, '2014-09-13 10:05:00', 4, NULL, NULL),
(346, '2014-09-13 10:00:00', 4, NULL, NULL),
(347, '2014-09-12 10:00:00', 4, NULL, NULL),
(348, '2014-09-12 20:30:00', 4, NULL, NULL),
(349, '2014-09-13 10:00:00', 4, NULL, NULL),
(351, '2014-09-11 12:00:00', 4, NULL, NULL),
(353, '2014-09-11 14:30:00', 4, NULL, NULL),
(354, '2014-09-11 14:30:00', 4, NULL, NULL),
(355, '2014-09-13 20:30:00', 4, NULL, NULL),
(356, '2014-09-12 14:00:00', 4, NULL, NULL),
(358, '2014-09-12 11:30:00', 4, NULL, NULL),
(360, '2014-09-12 16:30:00', 4, NULL, NULL),
(363, '2014-09-12 14:00:00', 4, NULL, NULL),
(364, '2014-09-13 18:00:00', 4, NULL, NULL),
(365, '2014-09-14 17:00:00', 4, NULL, NULL),
(366, '2014-09-14 16:50:00', 4, NULL, NULL),
(367, '2014-09-14 17:00:00', 4, NULL, NULL),
(368, '2014-09-14 17:00:00', 4, NULL, NULL),
(369, '2014-09-14 17:00:00', 4, NULL, NULL),
(370, '2014-09-11 13:00:00', 4, NULL, NULL),
(372, '2014-09-11 19:00:00', 1, NULL, NULL),
(374, '2014-09-12 12:30:00', 2, NULL, NULL),
(375, '2014-09-12 12:30:00', 2, NULL, NULL),
(377, '2014-09-13 13:30:00', 1, NULL, NULL),
(378, '2014-09-18 12:00:00', 1, NULL, NULL),
(379, '2014-09-06 16:00:00', 4, NULL, NULL),
(380, '2014-09-11 13:00:00', 4, NULL, NULL),
(381, '2014-09-11 13:30:00', 4, NULL, NULL),
(383, '2014-09-11 12:00:00', 4, NULL, NULL),
(385, '2014-09-12 17:00:00', 4, NULL, NULL),
(386, '2014-09-14 17:00:00', 4, NULL, NULL),
(387, '2014-09-13 13:00:00', 4, NULL, NULL),
(389, '2014-09-27 19:00:00', 4, NULL, NULL),
(390, '2014-09-13 01:30:00', 4, NULL, NULL),
(391, '2014-09-14 18:00:00', 3, NULL, NULL),
(392, '2014-09-15 19:30:00', 3, NULL, NULL),
(393, '2014-09-15 19:30:00', 4, NULL, NULL),
(395, '2014-09-13 21:30:00', 2, NULL, NULL),
(396, '2014-09-14 08:00:00', 1, NULL, NULL),
(397, '2014-09-15 17:00:00', 4, NULL, NULL),
(398, '2014-09-15 17:00:00', 4, NULL, NULL),
(399, '2014-09-15 17:00:00', 4, NULL, NULL),
(400, '2014-09-01 19:00:00', 4, NULL, NULL),
(403, '2014-09-13 12:00:00', 3, NULL, NULL),
(404, '2014-09-13 13:00:00', 3, NULL, NULL),
(406, '2014-09-15 21:30:00', 4, NULL, NULL),
(407, '2014-09-11 22:00:00', 4, NULL, NULL),
(408, '2014-09-11 20:30:00', 4, NULL, NULL),
(409, '2014-09-11 09:30:00', 1, NULL, NULL),
(410, '2014-09-11 13:00:00', 4, NULL, NULL),
(412, '2014-09-08 21:00:00', 4, NULL, NULL),
(421, '2014-09-13 21:30:00', 4, NULL, NULL),
(422, '2014-09-05 14:00:00', 4, NULL, NULL),
(424, '2014-09-23 17:00:00', 1, NULL, NULL),
(425, '2014-09-11 14:30:00', 4, NULL, NULL),
(428, '2014-09-14 19:30:00', 1, NULL, NULL),
(431, '2014-08-28 00:30:00', 4, NULL, NULL),
(432, '2014-09-13 15:00:00', 3, NULL, NULL),
(761, '2014-09-12 13:30:00', 4, NULL, NULL),
(762, '2014-09-04 21:00:00', 4, NULL, NULL),
(763, '2014-09-12 13:00:00', 3, NULL, NULL),
(767, '2014-09-08 19:30:00', 4, NULL, NULL),
(768, '2014-09-24 19:00:00', 4, NULL, NULL),
(769, '2014-09-14 19:00:00', 4, NULL, NULL),
(771, '2014-09-14 04:30:00', 4, NULL, NULL),
(772, '2014-09-05 11:00:00', 4, NULL, NULL),
(773, '2014-09-22 13:30:00', 4, NULL, NULL),
(774, '2014-09-10 11:00:00', 4, NULL, NULL),
(775, '2014-09-14 19:00:00', 4, NULL, NULL),
(776, '2014-09-13 14:00:00', 4, NULL, NULL),
(777, '2014-09-09 13:30:00', 4, NULL, NULL),
(778, '2014-09-15 10:00:00', 4, NULL, NULL);

-- --------- --------------------------------------------------------

--
-- Table structure for table `semesters`
--

CREATE TABLE IF NOT EXISTS `semesters` (
  `id_semester` tinyint(3) unsigned NOT NULL AUTO_INCREMENT,
  `semester` varchar(45) NOT NULL,
  PRIMARY KEY (`id_semester`),
  UNIQUE KEY `semester_UNIQUE` (`semester`),
  UNIQUE KEY `id_semester_UNIQUE` (`id_semester`)
) ENGINE=InnoDB DEFAULT CHARSET=utf8 AUTO_INCREMENT=1 ;

-- --------------------------------------------------------

--
-- Table structure for table `semesters_has_exchange_students`
--

CREATE TABLE IF NOT EXISTS `semesters_has_exchange_students` (
  `id_semester` tinyint(3) unsigned NOT NULL,
  `id_user` int(10) unsigned NOT NULL,
  PRIMARY KEY (`id_semester`,`id_user`),
  KEY `fk_students` (`id_user`),
  KEY `fk_semesters` (`id_semester`)
) ENGINE=InnoDB DEFAULT CHARSET=utf8;

-- --------------------------------------------------------

-- --------------------------------------------------------

--
-- Table structure for table `trips`
--

CREATE TABLE IF NOT EXISTS `trips` (
  `id_trip` int(10) unsigned NOT NULL AUTO_INCREMENT,
  `trip_name` varchar(80) NOT NULL,
  `trip_description` mediumtext,
  `trip_organizers` mediumtext,
  `trip_date_from` datetime DEFAULT NULL,
  `trip_date_to` datetime DEFAULT NULL,
  `trip_active` enum('y','n') NOT NULL DEFAULT 'n',
  `trip_capacity` smallint(5) unsigned DEFAULT NULL,
  `trip_price` smallint(6) unsigned NOT NULL DEFAULT '0',
  PRIMARY KEY (`id_trip`)
) ENGINE=InnoDB  DEFAULT CHARSET=utf8 AUTO_INCREMENT=7 ;

--
-- Dumping data for table `trips`
--

INSERT INTO `trips` (`id_trip`, `trip_name`, `trip_description`, `trip_organizers`, `trip_date_from`, `trip_date_to`, `trip_active`, `trip_capacity`, `trip_price`) VALUES
(1, 'Prague Castle', 'Tour of the historical centre of the city', 'Bob Everyman', '2014-10-10 16:00:00', '2014-10-10 18:00:00', 'y', 80, 120),
(2, 'ČVUT Bar Night', NULL, 'ISC', '2014-11-17 20:00:00', '2014-11-17 23:59:59', 'y', NULL, 99),
(3, 'Křivoklát Medieval Fashion Festival', '', '', NULL, NULL, 'y', 100, 0),
(4, 'Krkonoše Mountains', 'Let''s go skiing!', 'Ski Club ČVUT', '2014-12-11 10:00:00', '2014-12-18 19:00:00', 'y', 200, 3500),
(5, 'Kutná Hora', NULL, NULL, '2015-01-05 14:00:00', NULL, 'y', 50, 100),
(6, 'Temelín', NULL, NULL, NULL, NULL, 'n', NULL, 9999);

-- --------------------------------------------------------

--
-- Table structure for table `trip_registrations`
--

CREATE TABLE IF NOT EXISTS `trip_registrations` (
  `id_registration` int(10) unsigned NOT NULL AUTO_INCREMENT,
  `id_trip` int(10) unsigned NOT NULL,
  `id_user` int(10) unsigned NOT NULL,
  `registration_date` datetime NOT NULL,
  PRIMARY KEY (`id_registration`),
  UNIQUE KEY `trip_user_key` (`id_trip`,`id_user`),
  KEY `fk_students2` (`id_user`)
) ENGINE=InnoDB  DEFAULT CHARSET=utf8 AUTO_INCREMENT=80 ;

--
-- Dumping data for table `trip_registrations`
--

INSERT INTO `trip_registrations` (`id_registration`, `id_trip`, `id_user`, `registration_date`) VALUES
(6, 3, 789, '2014-09-09 18:30:52'),
(8, 5, 100, '2014-09-05 04:51:10'),
(9, 5, 35, '2014-09-04 15:07:36'),
(10, 5, 128, '2014-09-04 10:01:55'),
(11, 5, 236, '2014-09-02 21:21:22'),
(12, 5, 90, '2014-09-02 23:18:12'),
(13, 5, 282, '2014-09-04 19:25:06'),
(14, 5, 55, '2014-09-07 20:12:46'),
(15, 5, 156, '2014-09-08 11:30:32'),
(16, 5, 278, '2014-09-08 23:18:33'),
(17, 5, 370, '2014-09-05 16:30:40'),
(18, 5, 362, '2014-09-05 16:35:37'),
(19, 5, 184, '2014-09-09 01:20:55'),
(20, 5, 763, '2014-09-03 00:56:01'),
(21, 5, 109, '2014-09-06 17:59:22'),
(22, 5, 68, '2014-09-08 15:12:33'),
(23, 5, 85, '2014-09-04 08:16:57'),
(24, 5, 94, '2014-09-06 23:44:33'),
(25, 5, 28, '2014-09-05 14:11:19'),
(26, 5, 170, '2014-09-07 03:41:42'),
(27, 5, 261, '2014-09-05 22:02:30'),
(28, 5, 43, '2014-09-04 01:23:57'),
(29, 5, 307, '2014-09-09 17:38:08'),
(30, 5, 62, '2014-09-09 01:17:26'),
(31, 5, 243, '2014-09-08 22:37:09'),
(32, 5, 248, '2014-09-04 22:03:38'),
(33, 5, 11, '2014-09-09 02:12:09'),
(34, 5, 286, '2014-09-09 08:02:10'),
(35, 5, 114, '2014-09-06 00:29:11'),
(36, 5, 195, '2014-09-07 21:39:25'),
(37, 5, 206, '2014-09-02 23:13:16'),
(38, 5, 78, '2014-09-09 03:26:02'),
(39, 5, 312, '2014-09-09 06:14:08'),
(40, 5, 205, '2014-09-06 13:29:59'),
(41, 5, 418, '2014-09-04 12:44:01'),
(42, 5, 431, '2014-09-07 05:49:52'),
(43, 5, 359, '2014-09-04 23:45:55'),
(44, 5, 424, '2014-09-03 20:15:02'),
(45, 5, 394, '2014-09-09 13:26:56'),
(46, 5, 408, '2014-09-05 23:35:33'),
(47, 5, 226, '2014-09-08 04:59:22'),
(48, 5, 8, '2014-09-05 20:46:20'),
(49, 5, 39, '2014-09-02 19:46:18'),
(50, 5, 225, '2014-09-09 05:43:38'),
(51, 5, 264, '2014-09-03 10:32:11'),
(52, 5, 137, '2014-09-09 15:29:32'),
(53, 5, 5, '2014-09-03 15:59:48'),
(54, 5, 176, '2014-09-08 23:48:25'),
(55, 5, 398, '2014-09-09 09:45:31'),
(56, 5, 314, '2014-09-09 14:59:16'),
(57, 5, 212, '2014-09-04 00:19:05'),
(77, 2, 789, '2014-09-09 20:24:48'),
(79, 4, 789, '2014-09-09 20:30:21');

-- --------------------------------------------------------

--
-- Table structure for table `users`
--

CREATE TABLE IF NOT EXISTS `users` (
  `id_user` int(10) unsigned NOT NULL AUTO_INCREMENT,
  `email` varchar(100) NOT NULL,
  `password` char(60) DEFAULT NULL,
  `hash` char(32) DEFAULT NULL,
  `forgotten_password` char(32) DEFAULT NULL,
  PRIMARY KEY (`id_user`),
  UNIQUE KEY `email_UNIQUE` (`email`),
  UNIQUE KEY `id_user_UNIQUE` (`id_user`)
) ENGINE=InnoDB  DEFAULT CHARSET=utf8 AUTO_INCREMENT=790 ;

--
-- Dumping data for table `users`
--

INSERT INTO `users` (`id_user`, `email`, `password`, `hash`, `forgotten_password`) VALUES
(1, '21189457@xxx.com', NULL, NULL, NULL),
(2, '84992760@xxx.com', NULL, NULL, NULL),
(3, '61395430@xxx.com', NULL, NULL, NULL),
(4, '51998874@xxx.com', NULL, NULL, NULL),
(5, '75808082@xxx.com', NULL, NULL, NULL),
(6, '23043793@xxx.com', NULL, NULL, NULL),
(7, '87794721@xxx.com', NULL, NULL, NULL),
(8, '69842229@xxx.com', NULL, NULL, NULL),
(9, '85826985@xxx.com', NULL, NULL, NULL),
(10, '19608243@xxx.com', NULL, NULL, NULL),
(11, '40560261@xxx.com', NULL, NULL, NULL),
(12, '43976579@xxx.com', NULL, NULL, NULL),
(13, '98202114@xxx.com', NULL, NULL, NULL),
(14, '59080835@xxx.com', NULL, NULL, NULL),
(15, '797838@xxx.com', NULL, NULL, NULL),
(16, '26746688@xxx.com', NULL, NULL, NULL),
(17, '31339929@xxx.com', NULL, NULL, NULL),
(18, '76459585@xxx.com', NULL, NULL, NULL),
(19, '88278140@xxx.com', NULL, NULL, NULL),
(20, '12011947@xxx.com', NULL, NULL, NULL),
(21, '95225318@xxx.com', NULL, NULL, NULL),
(22, '40090754@xxx.com', NULL, NULL, NULL),
(23, '14777819@xxx.com', NULL, NULL, NULL),
(24, '53616836@xxx.com', NULL, NULL, NULL),
(25, '23750725@xxx.com', NULL, NULL, NULL),
(26, '57903122@xxx.com', NULL, NULL, NULL),
(27, '18263435@xxx.com', NULL, NULL, NULL),
(28, '17607814@xxx.com', NULL, NULL, NULL),
(29, '33248769@xxx.com', NULL, NULL, NULL),
(30, '13420407@xxx.com', NULL, NULL, NULL),
(31, '67355728@xxx.com', NULL, NULL, NULL),
(32, '96517425@xxx.com', NULL, NULL, NULL),
(33, '80519941@xxx.com', NULL, NULL, NULL),
(34, '13047436@xxx.com', NULL, NULL, NULL),
(35, '23677360@xxx.com', NULL, NULL, NULL),
(36, '79244495@xxx.com', NULL, NULL, NULL),
(37, '25190397@xxx.com', NULL, NULL, NULL),
(38, '88218502@xxx.com', NULL, NULL, NULL),
(39, '65521324@xxx.com', NULL, NULL, NULL),
(40, '62951119@xxx.com', NULL, NULL, NULL),
(41, '18191622@xxx.com', NULL, NULL, NULL),
(42, '2104759@xxx.com', NULL, NULL, NULL),
(43, '55948933@xxx.com', NULL, NULL, NULL),
(44, '73430389@xxx.com', NULL, NULL, NULL),
(45, '99305151@xxx.com', NULL, NULL, NULL),
(46, '76234590@xxx.com', NULL, NULL, NULL),
(47, '83257501@xxx.com', NULL, NULL, NULL),
(48, '87583738@xxx.com', NULL, NULL, NULL),
(49, '88146191@xxx.com', NULL, NULL, NULL),
(50, '77979743@xxx.com', NULL, NULL, NULL),
(51, '25460144@xxx.com', NULL, NULL, NULL),
(52, '93361495@xxx.com', NULL, NULL, NULL),
(53, '90427045@xxx.com', NULL, NULL, NULL),
(54, '72050744@xxx.com', NULL, NULL, NULL),
(55, '88972588@xxx.com', NULL, NULL, NULL),
(56, '28710710@xxx.com', NULL, NULL, NULL),
(57, '76635792@xxx.com', NULL, NULL, NULL),
(58, '97046831@xxx.com', NULL, NULL, NULL),
(60, '55326781@xxx.com', NULL, NULL, NULL),
(61, '85493417@xxx.com', NULL, NULL, NULL),
(62, '61486742@xxx.com', NULL, NULL, NULL),
(63, '50953465@xxx.com', NULL, NULL, NULL),
(64, '70307102@xxx.com', NULL, NULL, NULL),
(65, '98675118@xxx.com', NULL, NULL, NULL),
(66, '82454285@xxx.com', NULL, NULL, NULL),
(67, '16246076@xxx.com', NULL, NULL, NULL),
(68, '33867528@xxx.com', NULL, NULL, NULL),
(69, '20599415@xxx.com', NULL, NULL, NULL),
(70, '1394495@xxx.com', NULL, NULL, NULL),
(71, '45174234@xxx.com', NULL, NULL, NULL),
(72, '21687688@xxx.com', NULL, NULL, NULL),
(73, '72915741@xxx.com', NULL, NULL, NULL),
(74, '99515645@xxx.com', NULL, NULL, NULL),
(75, '78831004@xxx.com', NULL, NULL, NULL),
(76, '95608087@xxx.com', NULL, NULL, NULL),
(77, '41547428@xxx.com', NULL, NULL, NULL),
(78, '20912879@xxx.com', NULL, NULL, NULL),
(79, '79922117@xxx.com', NULL, NULL, NULL),
(80, '36871951@xxx.com', NULL, NULL, NULL),
(81, '44593406@xxx.com', NULL, NULL, NULL),
(82, '12351181@xxx.com', NULL, NULL, NULL),
(83, '27975690@xxx.com', NULL, NULL, NULL),
(84, '2824908@xxx.com', NULL, NULL, NULL),
(85, '30197476@xxx.com', NULL, NULL, NULL),
(86, '42512657@xxx.com', NULL, NULL, NULL),
(87, '21970859@xxx.com', NULL, NULL, NULL),
(88, '82316328@xxx.com', NULL, NULL, NULL),
(89, '45669068@xxx.com', NULL, NULL, NULL),
(90, '81396356@xxx.com', NULL, NULL, NULL),
(91, '69974579@xxx.com', NULL, NULL, NULL),
(92, '5683832@xxx.com', NULL, NULL, NULL),
(93, '18495426@xxx.com', NULL, NULL, NULL),
(94, '75425637@xxx.com', NULL, NULL, NULL),
(95, '21641910@xxx.com', NULL, NULL, NULL),
(96, '81932640@xxx.com', NULL, NULL, NULL),
(97, '44737474@xxx.com', NULL, NULL, NULL),
(98, '77889455@xxx.com', NULL, NULL, NULL),
(99, '55234853@xxx.com', NULL, NULL, NULL),
(100, '42505906@xxx.com', NULL, NULL, NULL),
(101, '46824972@xxx.com', NULL, NULL, NULL),
(102, '6607147@xxx.com', NULL, NULL, NULL),
(103, '92560819@xxx.com', NULL, NULL, NULL),
(104, '42982660@xxx.com', NULL, NULL, NULL),
(105, '37230845@xxx.com', NULL, NULL, NULL),
(106, '57206250@xxx.com', NULL, NULL, NULL),
(107, '74338718@xxx.com', NULL, NULL, NULL),
(108, '74841@xxx.com', NULL, NULL, NULL),
(109, '77358055@xxx.com', NULL, NULL, NULL),
(110, '86565756@xxx.com', NULL, NULL, NULL),
(111, '754618@xxx.com', NULL, NULL, NULL),
(112, '44075826@xxx.com', NULL, NULL, NULL),
(113, '18115279@xxx.com', NULL, NULL, NULL),
(114, '58348920@xxx.com', NULL, NULL, NULL),
(115, '37398765@xxx.com', NULL, NULL, NULL),
(116, '11947069@xxx.com', NULL, NULL, NULL),
(117, '47539054@xxx.com', NULL, NULL, NULL),
(118, '1854066@xxx.com', NULL, NULL, NULL),
(119, '66653170@xxx.com', NULL, NULL, NULL),
(120, '27703658@xxx.com', NULL, NULL, NULL),
(121, '38558780@xxx.com', NULL, NULL, NULL),
(122, '9682928@xxx.com', NULL, NULL, NULL),
(123, '32738304@xxx.com', NULL, NULL, NULL),
(124, '34642739@xxx.com', NULL, NULL, NULL),
(125, '74998784@xxx.com', NULL, NULL, NULL),
(126, '71065709@xxx.com', NULL, NULL, NULL),
(127, '30332194@xxx.com', NULL, NULL, NULL),
(128, '38463846@xxx.com', NULL, NULL, NULL),
(129, '1322652@xxx.com', NULL, NULL, NULL),
(130, '91221727@xxx.com', NULL, NULL, NULL),
(131, '52140679@xxx.com', NULL, NULL, NULL),
(132, '87038217@xxx.com', NULL, NULL, NULL),
(133, '78769053@xxx.com', NULL, NULL, NULL),
(134, '32730617@xxx.com', NULL, NULL, NULL),
(135, '27345928@xxx.com', NULL, NULL, NULL),
(136, '38537792@xxx.com', NULL, NULL, NULL),
(137, '10651180@xxx.com', NULL, NULL, NULL),
(138, '37642527@xxx.com', NULL, NULL, NULL),
(139, '56259098@xxx.com', NULL, NULL, NULL),
(140, '68367910@xxx.com', NULL, NULL, NULL),
(141, '73062261@xxx.com', NULL, NULL, NULL),
(142, '60207578@xxx.com', NULL, NULL, NULL),
(143, '81851112@xxx.com', NULL, NULL, NULL),
(144, '28632826@xxx.com', NULL, NULL, NULL),
(145, '97610798@xxx.com', NULL, NULL, NULL),
(146, '2155514@xxx.com', NULL, NULL, NULL),
(147, '17945182@xxx.com', NULL, NULL, NULL),
(148, '83259369@xxx.com', NULL, NULL, NULL),
(149, '62461301@xxx.com', NULL, NULL, NULL),
(150, '62528403@xxx.com', NULL, NULL, NULL),
(151, '25258112@xxx.com', NULL, NULL, NULL),
(152, '38705357@xxx.com', NULL, NULL, NULL),
(153, '17752452@xxx.com', NULL, NULL, NULL),
(154, '72646194@xxx.com', NULL, NULL, NULL),
(155, '9973614@xxx.com', NULL, NULL, NULL),
(156, '31929491@xxx.com', NULL, NULL, NULL),
(157, '29726618@xxx.com', NULL, NULL, NULL),
(158, '52844620@xxx.com', NULL, NULL, NULL),
(159, '75043247@xxx.com', NULL, NULL, NULL),
(160, '16682379@xxx.com', NULL, NULL, NULL),
(161, '58282155@xxx.com', NULL, NULL, NULL),
(162, '41363644@xxx.com', NULL, NULL, NULL),
(163, '31971759@xxx.com', NULL, NULL, NULL),
(164, '35767863@xxx.com', NULL, NULL, NULL),
(165, '82924043@xxx.com', NULL, NULL, NULL),
(166, '7316629@xxx.com', NULL, NULL, NULL),
(167, '87811017@xxx.com', NULL, NULL, NULL),
(168, '17105202@xxx.com', NULL, NULL, NULL),
(169, '22092962@xxx.com', NULL, NULL, NULL),
(170, '59149209@xxx.com', NULL, NULL, NULL),
(171, '29467160@xxx.com', NULL, NULL, NULL),
(172, '69888179@xxx.com', NULL, NULL, NULL),
(173, '61039415@xxx.com', NULL, NULL, NULL),
(174, '95532543@xxx.com', NULL, NULL, NULL),
(175, '94544471@xxx.com', NULL, NULL, NULL),
(176, '86124731@xxx.com', NULL, NULL, NULL),
(177, '46990247@xxx.com', NULL, NULL, NULL),
(178, '76577041@xxx.com', NULL, NULL, NULL),
(179, '41914470@xxx.com', NULL, NULL, NULL),
(180, '79841230@xxx.com', NULL, NULL, NULL),
(181, '73462743@xxx.com', NULL, NULL, NULL),
(182, '27790030@xxx.com', NULL, NULL, NULL),
(183, '18561921@xxx.com', NULL, NULL, NULL),
(184, '9439521@xxx.com', NULL, NULL, NULL),
(185, '91511843@xxx.com', NULL, NULL, NULL),
(186, '29240654@xxx.com', NULL, NULL, NULL),
(187, '71667745@xxx.com', NULL, NULL, NULL),
(188, '70616765@xxx.com', NULL, NULL, NULL),
(189, '38080593@xxx.com', NULL, NULL, NULL),
(190, '78552673@xxx.com', NULL, NULL, NULL),
(191, '78521588@xxx.com', NULL, NULL, NULL),
(192, '56949927@xxx.com', NULL, NULL, NULL),
(193, '49184871@xxx.com', NULL, NULL, NULL),
(194, '75074579@xxx.com', NULL, NULL, NULL),
(195, '27818283@xxx.com', NULL, NULL, NULL),
(196, '13867680@xxx.com', NULL, NULL, NULL),
(197, '85883556@xxx.com', NULL, NULL, NULL),
(198, '87814744@xxx.com', NULL, NULL, NULL),
(199, '81423056@xxx.com', NULL, NULL, NULL),
(200, '43671051@xxx.com', NULL, NULL, NULL),
(201, '74086088@xxx.com', NULL, NULL, NULL),
(202, '39417291@xxx.com', NULL, NULL, NULL),
(203, '74828194@xxx.com', NULL, NULL, NULL),
(204, '55889100@xxx.com', NULL, NULL, NULL),
(205, '54960923@xxx.com', NULL, NULL, NULL),
(206, '7137315@xxx.com', NULL, NULL, NULL),
(207, '70803812@xxx.com', NULL, NULL, NULL),
(208, '32607116@xxx.com', NULL, NULL, NULL),
(209, '50624149@xxx.com', NULL, NULL, NULL),
(210, '55299397@xxx.com', NULL, NULL, NULL),
(211, '24624544@xxx.com', NULL, NULL, NULL),
(212, '57224533@xxx.com', NULL, NULL, NULL),
(213, '12249034@xxx.com', NULL, NULL, NULL),
(214, '89571575@xxx.com', NULL, NULL, NULL),
(215, '11110774@xxx.com', NULL, NULL, NULL),
(216, '86839150@xxx.com', NULL, NULL, NULL),
(217, '863429@xxx.com', NULL, NULL, NULL),
(218, '43799699@xxx.com', NULL, NULL, NULL),
(219, '16408210@xxx.com', NULL, NULL, NULL),
(220, '50641956@xxx.com', NULL, NULL, NULL),
(221, '3985154@xxx.com', NULL, NULL, NULL),
(222, '67999904@xxx.com', NULL, NULL, NULL),
(223, '28044063@xxx.com', NULL, NULL, NULL),
(224, '36220607@xxx.com', NULL, NULL, NULL),
(225, '96970846@xxx.com', NULL, NULL, NULL),
(226, '76192414@xxx.com', NULL, NULL, NULL),
(227, '90049536@xxx.com', NULL, NULL, NULL),
(228, '21670439@xxx.com', NULL, NULL, NULL),
(229, '38203591@xxx.com', NULL, NULL, NULL),
(230, '26006642@xxx.com', NULL, NULL, NULL),
(231, '15422441@xxx.com', NULL, NULL, NULL),
(232, '99092281@xxx.com', NULL, NULL, NULL),
(233, '49194084@xxx.com', NULL, NULL, NULL),
(234, '48693583@xxx.com', NULL, NULL, NULL),
(235, '95885663@xxx.com', NULL, NULL, NULL),
(236, '33347570@xxx.com', NULL, NULL, NULL),
(237, '79080865@xxx.com', NULL, NULL, NULL),
(238, '95361617@xxx.com', NULL, NULL, NULL),
(239, '39565495@xxx.com', NULL, NULL, NULL),
(240, '11742625@xxx.com', NULL, NULL, NULL),
(241, '40016642@xxx.com', NULL, NULL, NULL),
(242, '64855340@xxx.com', NULL, NULL, NULL),
(243, '4226778@xxx.com', NULL, NULL, NULL),
(244, '26567873@xxx.com', NULL, NULL, NULL),
(245, '20159033@xxx.com', NULL, NULL, NULL),
(246, '21091548@xxx.com', NULL, NULL, NULL),
(247, '44980645@xxx.com', NULL, NULL, NULL),
(248, '61628584@xxx.com', NULL, NULL, NULL),
(249, '73200989@xxx.com', NULL, NULL, NULL),
(250, '81119196@xxx.com', NULL, NULL, NULL),
(251, '85993017@xxx.com', NULL, NULL, NULL),
(252, '86607501@xxx.com', NULL, NULL, NULL),
(253, '75058454@xxx.com', NULL, NULL, NULL),
(254, '15469772@xxx.com', NULL, NULL, NULL),
(255, '52173501@xxx.com', NULL, NULL, NULL),
(256, '14458190@xxx.com', NULL, NULL, NULL),
(257, '15770453@xxx.com', NULL, NULL, NULL),
(258, '35477695@xxx.com', NULL, NULL, NULL),
(259, '30077121@xxx.com', NULL, NULL, NULL),
(260, '43952522@xxx.com', NULL, NULL, NULL),
(261, '29531249@xxx.com', NULL, NULL, NULL),
(262, '15798685@xxx.com', NULL, NULL, NULL),
(263, '90399678@xxx.com', NULL, NULL, NULL),
(264, '4602339@xxx.com', NULL, NULL, NULL),
(265, '51812666@xxx.com', NULL, NULL, NULL),
(266, '45256317@xxx.com', NULL, NULL, NULL),
(267, '70843587@xxx.com', NULL, NULL, NULL),
(268, '18448990@xxx.com', NULL, NULL, NULL),
(269, '79714189@xxx.com', NULL, NULL, NULL),
(270, '43223979@xxx.com', NULL, NULL, NULL),
(271, '76977332@xxx.com', NULL, NULL, NULL),
(272, '55214728@xxx.com', NULL, NULL, NULL),
(273, '45141644@xxx.com', NULL, NULL, NULL),
(274, '60064039@xxx.com', NULL, NULL, NULL),
(275, '64895267@xxx.com', NULL, NULL, NULL),
(276, '44284223@xxx.com', NULL, NULL, NULL),
(277, '26735315@xxx.com', NULL, NULL, NULL),
(278, '823912@xxx.com', NULL, NULL, NULL),
(279, '23913615@xxx.com', NULL, NULL, NULL),
(280, '17096342@xxx.com', NULL, NULL, NULL),
(281, '13740870@xxx.com', NULL, NULL, NULL),
(282, '17415327@xxx.com', NULL, NULL, NULL),
(283, '45854029@xxx.com', NULL, NULL, NULL),
(284, '77024167@xxx.com', NULL, NULL, NULL),
(285, '47558752@xxx.com', NULL, NULL, NULL),
(286, '6721259@xxx.com', NULL, NULL, NULL),
(287, '90930045@xxx.com', NULL, NULL, NULL),
(288, '34486452@xxx.com', NULL, NULL, NULL),
(289, '99642127@xxx.com', NULL, NULL, NULL),
(290, '94751281@xxx.com', NULL, NULL, NULL),
(291, '74830030@xxx.com', NULL, NULL, NULL),
(292, '89896307@xxx.com', NULL, NULL, NULL),
(293, '24991450@xxx.com', NULL, NULL, NULL),
(294, '55268330@xxx.com', NULL, NULL, NULL),
(295, '1367304@xxx.com', NULL, NULL, NULL),
(296, '41031532@xxx.com', NULL, NULL, NULL),
(297, '1055750@xxx.com', NULL, NULL, NULL),
(298, '82184158@xxx.com', NULL, NULL, NULL),
(299, '7753544@xxx.com', NULL, NULL, NULL),
(300, '92215250@xxx.com', NULL, NULL, NULL),
(301, '37815622@xxx.com', NULL, NULL, NULL),
(302, '12432360@xxx.com', NULL, NULL, NULL),
(303, '48714937@xxx.com', NULL, NULL, NULL),
(304, '6277610@xxx.com', NULL, NULL, NULL),
(305, '85243239@xxx.com', NULL, NULL, NULL),
(306, '7383371@xxx.com', NULL, NULL, NULL),
(307, '81187141@xxx.com', NULL, NULL, NULL),
(308, '83785594@xxx.com', NULL, NULL, NULL),
(309, '75366549@xxx.com', NULL, NULL, NULL),
(310, '25475969@xxx.com', NULL, NULL, NULL),
(311, '1280200@xxx.com', NULL, NULL, NULL),
(312, '29973095@xxx.com', NULL, NULL, NULL),
(313, '46024878@xxx.com', NULL, NULL, NULL),
(314, '40205107@xxx.com', NULL, NULL, NULL),
(315, '62950905@xxx.com', NULL, NULL, NULL),
(316, '94139206@xxx.com', NULL, NULL, NULL),
(317, '81843321@xxx.com', NULL, NULL, NULL),
(318, '26798987@xxx.com', NULL, NULL, NULL),
(319, '88464976@xxx.com', NULL, NULL, NULL),
(320, '61927924@xxx.com', NULL, NULL, NULL),
(321, '44244693@xxx.com', NULL, NULL, NULL),
(322, '35439697@xxx.com', NULL, NULL, NULL),
(323, '44464407@xxx.com', NULL, NULL, NULL),
(324, '16002948@xxx.com', NULL, NULL, NULL),
(325, '46621523@xxx.com', NULL, NULL, NULL),
(326, '85098775@xxx.com', NULL, NULL, NULL),
(327, '85629307@xxx.com', NULL, NULL, NULL),
(328, '72850215@xxx.com', NULL, NULL, NULL),
(329, '7363156@xxx.com', NULL, NULL, NULL),
(330, '18265140@xxx.com', NULL, NULL, NULL),
(331, '69236234@xxx.com', NULL, NULL, NULL),
(332, '91385754@xxx.com', NULL, NULL, NULL),
(333, '49220069@xxx.com', NULL, NULL, NULL),
(334, '71943088@xxx.com', NULL, NULL, NULL),
(335, '12055234@xxx.com', NULL, NULL, NULL),
(336, '44446912@xxx.com', NULL, NULL, NULL),
(337, '86068858@xxx.com', NULL, NULL, NULL),
(338, '97003557@xxx.com', NULL, NULL, NULL),
(339, '26811214@xxx.com', NULL, NULL, NULL),
(340, '43045401@xxx.com', NULL, NULL, NULL),
(341, '34793368@xxx.com', NULL, NULL, NULL),
(342, '44830639@xxx.com', NULL, NULL, NULL),
(343, '19773095@xxx.com', NULL, NULL, NULL),
(344, '64373563@xxx.com', NULL, NULL, NULL),
(345, '62548531@xxx.com', NULL, NULL, NULL),
(346, '19621968@xxx.com', NULL, NULL, NULL),
(347, '10464252@xxx.com', NULL, NULL, NULL),
(348, '93455358@xxx.com', NULL, NULL, NULL),
(349, '35884037@xxx.com', NULL, NULL, NULL),
(350, '99054115@xxx.com', NULL, NULL, NULL),
(351, '87618465@xxx.com', NULL, NULL, NULL),
(352, '40929986@xxx.com', NULL, NULL, NULL),
(353, '41794535@xxx.com', NULL, NULL, NULL),
(354, '86182723@xxx.com', NULL, NULL, NULL),
(355, '5530010@xxx.com', NULL, NULL, NULL),
(356, '69101885@xxx.com', NULL, NULL, NULL),
(357, '28919398@xxx.com', NULL, NULL, NULL),
(358, '37291339@xxx.com', NULL, NULL, NULL),
(359, '99698502@xxx.com', NULL, NULL, NULL),
(360, '86618497@xxx.com', NULL, NULL, NULL),
(361, '33996982@xxx.com', NULL, NULL, NULL),
(362, '10129420@xxx.com', NULL, NULL, NULL),
(363, '48656159@xxx.com', NULL, NULL, NULL),
(364, '12892538@xxx.com', NULL, NULL, NULL),
(365, '18494216@xxx.com', NULL, NULL, NULL),
(366, '53793468@xxx.com', NULL, NULL, NULL),
(367, '13484695@xxx.com', NULL, NULL, NULL),
(368, '6043075@xxx.com', NULL, NULL, NULL),
(369, '89761291@xxx.com', NULL, NULL, NULL),
(370, '30677236@xxx.com', NULL, NULL, NULL),
(371, '84102308@xxx.com', NULL, NULL, NULL),
(372, '28479836@xxx.com', NULL, NULL, NULL),
(373, '90092259@xxx.com', NULL, NULL, NULL),
(374, '65021791@xxx.com', NULL, NULL, NULL),
(375, '54832179@xxx.com', NULL, NULL, NULL),
(376, '79095527@xxx.com', NULL, NULL, NULL),
(377, '30981099@xxx.com', NULL, NULL, NULL),
(378, '17618918@xxx.com', NULL, NULL, NULL),
(379, '95151296@xxx.com', NULL, NULL, NULL),
(380, '22899729@xxx.com', NULL, NULL, NULL),
(381, '29044760@xxx.com', NULL, NULL, NULL),
(382, '76524618@xxx.com', NULL, NULL, NULL),
(383, '95488810@xxx.com', NULL, NULL, NULL),
(384, '47870201@xxx.com', NULL, NULL, NULL),
(385, '52884576@xxx.com', NULL, NULL, NULL),
(386, '20812281@xxx.com', NULL, NULL, NULL),
(387, '45407682@xxx.com', NULL, NULL, NULL),
(388, '64601569@xxx.com', NULL, NULL, NULL),
(389, '86784802@xxx.com', NULL, NULL, NULL),
(390, '40119306@xxx.com', NULL, NULL, NULL),
(391, '40242129@xxx.com', NULL, NULL, NULL),
(392, '80852728@xxx.com', NULL, NULL, NULL),
(393, '83537257@xxx.com', NULL, NULL, NULL),
(394, '75128105@xxx.com', NULL, NULL, NULL),
(395, '25028754@xxx.com', NULL, NULL, NULL),
(396, '99759460@xxx.com', NULL, NULL, NULL),
(397, '23711042@xxx.com', NULL, NULL, NULL),
(398, '19276832@xxx.com', NULL, NULL, NULL),
(399, '25251036@xxx.com', NULL, NULL, NULL),
(400, '68424686@xxx.com', NULL, NULL, NULL),
(401, '66370326@xxx.com', NULL, NULL, NULL),
(402, '26577574@xxx.com', NULL, NULL, NULL),
(403, '33776896@xxx.com', NULL, NULL, NULL),
(404, '89151762@xxx.com', NULL, NULL, NULL),
(405, '44428124@xxx.com', NULL, NULL, NULL),
(406, '54685338@xxx.com', NULL, NULL, NULL),
(407, '40142322@xxx.com', NULL, NULL, NULL),
(408, '36655599@xxx.com', NULL, NULL, NULL),
(409, '62851031@xxx.com', NULL, NULL, NULL),
(410, '4288362@xxx.com', NULL, NULL, NULL),
(411, '32888719@xxx.com', NULL, NULL, NULL),
(412, '51578511@xxx.com', NULL, NULL, NULL),
(413, '59226404@xxx.com', NULL, NULL, NULL),
(414, '41396487@xxx.com', NULL, NULL, NULL),
(415, '29303228@xxx.com', NULL, NULL, NULL),
(416, '22326682@xxx.com', NULL, NULL, NULL),
(417, '23723728@xxx.com', NULL, NULL, NULL),
(418, '51638597@xxx.com', NULL, NULL, NULL),
(419, '87021805@xxx.com', NULL, NULL, NULL),
(420, '80193235@xxx.com', NULL, NULL, NULL),
(421, '39900764@xxx.com', NULL, NULL, NULL),
(422, '58924119@xxx.com', NULL, NULL, NULL),
(423, '74918305@xxx.com', NULL, NULL, NULL),
(424, '97819170@xxx.com', NULL, NULL, NULL),
(425, '64340937@xxx.com', NULL, NULL, NULL),
(426, '28247180@xxx.com', NULL, NULL, NULL),
(427, '48213090@xxx.com', NULL, NULL, NULL),
(428, '56323914@xxx.com', NULL, NULL, NULL),
(429, '36980304@xxx.com', NULL, NULL, NULL),
(430, '15929779@xxx.com', NULL, NULL, NULL),
(431, '68707988@xxx.com', NULL, NULL, NULL),
(432, '95750606@xxx.com', NULL, NULL, NULL),
(433, '72629070@xxx.com', NULL, NULL, NULL),
(434, '75893535@xxx.com', NULL, NULL, NULL),
(435, '61580467@xxx.com', NULL, NULL, NULL),
(436, '80221733@xxx.com', NULL, NULL, NULL),
(437, '16367269@xxx.com', NULL, NULL, NULL),
(438, '41171149@xxx.com', NULL, NULL, NULL),
(439, '56753940@xxx.com', NULL, NULL, NULL),
(440, '60256256@xxx.com', NULL, NULL, NULL),
(441, '31019465@xxx.com', NULL, NULL, NULL),
(442, '74328557@xxx.com', NULL, NULL, NULL),
(443, '78584396@xxx.com', NULL, NULL, NULL),
(444, '69936309@xxx.com', NULL, NULL, NULL),
(445, '13928363@xxx.com', NULL, NULL, NULL),
(446, '59832888@xxx.com', NULL, NULL, NULL),
(447, '57379356@xxx.com', NULL, NULL, NULL),
(448, '7398117@xxx.com', NULL, NULL, NULL),
(449, '64852523@xxx.com', NULL, NULL, NULL),
(450, '2068266@xxx.com', NULL, NULL, NULL),
(451, '15783766@xxx.com', NULL, NULL, NULL),
(452, '72714032@xxx.com', NULL, NULL, NULL),
(453, '16218865@xxx.com', NULL, NULL, NULL),
(454, '62952233@xxx.com', NULL, NULL, NULL),
(456, '66104575@xxx.com', NULL, NULL, NULL),
(457, '41666177@xxx.com', NULL, NULL, NULL),
(458, '10017165@xxx.com', NULL, NULL, NULL),
(459, '25087298@xxx.com', NULL, NULL, NULL),
(460, '95384995@xxx.com', NULL, NULL, NULL),
(461, '1663086@xxx.com', NULL, NULL, NULL),
(462, '22160448@xxx.com', NULL, NULL, NULL),
(463, '5812983@xxx.com', NULL, NULL, NULL),
(464, '62583575@xxx.com', NULL, NULL, NULL),
(465, '95478931@xxx.com', NULL, NULL, NULL),
(466, '89643933@xxx.com', NULL, NULL, NULL),
(467, '61782874@xxx.com', NULL, NULL, NULL),
(468, '39982575@xxx.com', NULL, NULL, NULL),
(469, '14564255@xxx.com', NULL, NULL, NULL),
(470, '52873553@xxx.com', NULL, NULL, NULL),
(471, '20675003@xxx.com', NULL, NULL, NULL),
(472, '44754361@xxx.com', NULL, NULL, NULL),
(473, '61746799@xxx.com', NULL, NULL, NULL),
(474, '74470915@xxx.com', NULL, NULL, NULL),
(475, '87114182@xxx.com', NULL, NULL, NULL),
(476, '12158169@xxx.com', NULL, NULL, NULL),
(477, '99448301@xxx.com', NULL, NULL, NULL),
(478, '60767002@xxx.com', NULL, NULL, NULL),
(479, '5490111@xxx.com', NULL, NULL, NULL),
(480, '45149552@xxx.com', NULL, NULL, NULL),
(481, '9277430@xxx.com', NULL, NULL, NULL),
(482, '10938496@xxx.com', NULL, NULL, NULL),
(483, '26860193@xxx.com', NULL, NULL, NULL),
(484, '1485478@xxx.com', NULL, NULL, NULL),
(485, '26846818@xxx.com', NULL, NULL, NULL),
(486, '29777655@xxx.com', NULL, NULL, NULL),
(487, '68347828@xxx.com', NULL, NULL, NULL),
(488, '52406176@xxx.com', NULL, NULL, NULL),
(489, '56987401@xxx.com', NULL, NULL, NULL),
(490, '27718480@xxx.com', NULL, NULL, NULL),
(491, '67630200@xxx.com', NULL, NULL, NULL),
(492, '54995561@xxx.com', NULL, NULL, NULL),
(494, '72087209@xxx.com', NULL, NULL, NULL),
(496, '95449364@xxx.com', NULL, NULL, NULL),
(497, '60985197@xxx.com', NULL, NULL, NULL),
(498, '18577896@xxx.com', NULL, NULL, NULL),
(499, '9933890@xxx.com', NULL, NULL, NULL),
(500, '93935768@xxx.com', NULL, NULL, NULL),
(501, '39877173@xxx.com', NULL, NULL, NULL),
(502, '17578565@xxx.com', NULL, NULL, NULL),
(503, '68261307@xxx.com', NULL, NULL, NULL),
(504, '88570846@xxx.com', NULL, NULL, NULL),
(505, '38070309@xxx.com', NULL, NULL, NULL),
(506, '24639012@xxx.com', NULL, NULL, NULL),
(507, '8984134@xxx.com', NULL, NULL, NULL),
(508, '71003636@xxx.com', NULL, NULL, NULL),
(509, '28065784@xxx.com', NULL, NULL, NULL),
(510, '27318015@xxx.com', NULL, NULL, NULL),
(511, '52392727@xxx.com', NULL, NULL, NULL),
(512, '80009592@xxx.com', NULL, NULL, NULL),
(513, '42869780@xxx.com', NULL, NULL, NULL),
(514, '74320129@xxx.com', NULL, NULL, NULL),
(515, '42991309@xxx.com', NULL, NULL, NULL),
(516, '91996158@xxx.com', NULL, NULL, NULL),
(517, '31006868@xxx.com', NULL, NULL, NULL),
(518, '79045871@xxx.com', NULL, NULL, NULL),
(519, '2208750@xxx.com', NULL, NULL, NULL),
(520, '73906144@xxx.com', NULL, NULL, NULL),
(521, '62904470@xxx.com', NULL, NULL, NULL),
(522, '92803922@xxx.com', NULL, NULL, NULL),
(523, '75306204@xxx.com', NULL, NULL, NULL),
(524, '98119257@xxx.com', NULL, NULL, NULL),
(526, '64677674@xxx.com', NULL, NULL, NULL),
(527, '29030604@xxx.com', NULL, NULL, NULL),
(528, '51120001@xxx.com', NULL, NULL, NULL),
(529, '68508196@xxx.com', NULL, NULL, NULL),
(530, '89180981@xxx.com', NULL, NULL, NULL),
(531, '40380320@xxx.com', NULL, NULL, NULL),
(532, '34358662@xxx.com', NULL, NULL, NULL),
(533, '50652350@xxx.com', NULL, NULL, NULL),
(534, '50185766@xxx.com', NULL, NULL, NULL),
(535, '98971784@xxx.com', NULL, NULL, NULL),
(536, '44301626@xxx.com', NULL, NULL, NULL),
(537, '24592782@xxx.com', NULL, NULL, NULL),
(538, '90059034@xxx.com', NULL, NULL, NULL),
(539, '76516828@xxx.com', NULL, NULL, NULL),
(540, '12407041@xxx.com', NULL, NULL, NULL),
(541, '32484725@xxx.com', NULL, NULL, NULL),
(542, '25202505@xxx.com', NULL, NULL, NULL),
(543, '28558353@xxx.com', NULL, NULL, NULL),
(544, '67184255@xxx.com', NULL, NULL, NULL),
(545, '50246216@xxx.com', NULL, NULL, NULL),
(546, '49678320@xxx.com', NULL, NULL, NULL),
(547, '97652953@xxx.com', NULL, NULL, NULL),
(548, '39229809@xxx.com', NULL, NULL, NULL),
(549, '3190188@xxx.com', NULL, NULL, NULL),
(550, '98261518@xxx.com', NULL, NULL, NULL),
(551, '81737027@xxx.com', NULL, NULL, NULL),
(552, '13900586@xxx.com', NULL, NULL, NULL),
(553, '24291851@xxx.com', NULL, NULL, NULL),
(554, '79757499@xxx.com', NULL, NULL, NULL),
(555, '25911947@xxx.com', NULL, NULL, NULL),
(557, '90287240@xxx.com', NULL, NULL, NULL),
(558, '73700362@xxx.com', NULL, NULL, NULL),
(559, '97640094@xxx.com', NULL, NULL, NULL),
(560, '67099384@xxx.com', NULL, NULL, NULL),
(561, '42576645@xxx.com', NULL, NULL, NULL),
(562, '11585074@xxx.com', NULL, NULL, NULL),
(563, '30195439@xxx.com', NULL, NULL, NULL),
(564, '16221976@xxx.com', NULL, NULL, NULL),
(565, '90523564@xxx.com', NULL, NULL, NULL),
(566, '3951898@xxx.com', NULL, NULL, NULL),
(567, '48188799@xxx.com', NULL, NULL, NULL),
(568, '29088306@xxx.com', NULL, NULL, NULL),
(569, '875135@xxx.com', NULL, NULL, NULL),
(570, '17110761@xxx.com', NULL, NULL, NULL),
(571, '82928402@xxx.com', NULL, NULL, NULL),
(572, '63309729@xxx.com', NULL, NULL, NULL),
(573, '67763443@xxx.com', NULL, NULL, NULL),
(574, '48888033@xxx.com', NULL, NULL, NULL),
(575, '41149836@xxx.com', NULL, NULL, NULL),
(576, '59085086@xxx.com', NULL, NULL, NULL),
(577, '71975926@xxx.com', NULL, NULL, NULL),
(578, '82624376@xxx.com', NULL, NULL, NULL),
(579, '97194102@xxx.com', NULL, NULL, NULL),
(580, '38097388@xxx.com', NULL, NULL, NULL),
(581, '98904638@xxx.com', NULL, NULL, NULL),
(582, '80231026@xxx.com', NULL, NULL, NULL),
(583, '4441222@xxx.com', NULL, NULL, NULL),
(584, '81513033@xxx.com', NULL, NULL, NULL),
(585, '94241501@xxx.com', NULL, NULL, NULL),
(586, '26668409@xxx.com', NULL, NULL, NULL),
(587, '50617548@xxx.com', NULL, NULL, NULL),
(588, '73082514@xxx.com', NULL, NULL, NULL),
(589, '13559931@xxx.com', NULL, NULL, NULL),
(590, '48552115@xxx.com', NULL, NULL, NULL),
(591, '2080786@xxx.com', NULL, NULL, NULL),
(593, '64747589@xxx.com', NULL, NULL, NULL),
(594, '17495590@xxx.com', NULL, NULL, NULL),
(595, '93235185@xxx.com', NULL, NULL, NULL),
(597, '13689160@xxx.com', NULL, NULL, NULL),
(598, '88740246@xxx.com', NULL, NULL, NULL),
(599, '2633756@xxx.com', NULL, NULL, NULL),
(600, '46948042@xxx.com', NULL, NULL, NULL),
(601, '26838946@xxx.com', NULL, NULL, NULL),
(602, '93350608@xxx.com', NULL, NULL, NULL),
(603, '86236202@xxx.com', NULL, NULL, NULL),
(604, '51129193@xxx.com', NULL, NULL, NULL),
(605, '96937359@xxx.com', NULL, NULL, NULL),
(606, '31299220@xxx.com', NULL, NULL, NULL),
(608, '65684026@xxx.com', NULL, NULL, NULL),
(609, '34522472@xxx.com', NULL, NULL, NULL),
(610, '75560284@xxx.com', NULL, NULL, NULL),
(611, '74234008@xxx.com', NULL, NULL, NULL),
(612, '44489190@xxx.com', NULL, NULL, NULL),
(613, '99743929@xxx.com', NULL, NULL, NULL),
(614, '65252080@xxx.com', NULL, NULL, NULL),
(615, '27028616@xxx.com', NULL, NULL, NULL),
(616, '39386842@xxx.com', NULL, NULL, NULL),
(617, '15848366@xxx.com', NULL, NULL, NULL),
(618, '61081305@xxx.com', NULL, NULL, NULL),
(619, '57861433@xxx.com', NULL, NULL, NULL),
(620, '6063253@xxx.com', NULL, NULL, NULL),
(621, '56731969@xxx.com', NULL, NULL, NULL),
(622, '65470090@xxx.com', NULL, NULL, NULL),
(623, '57154546@xxx.com', NULL, NULL, NULL),
(624, '89362460@xxx.com', NULL, NULL, NULL),
(625, '75348668@xxx.com', NULL, NULL, NULL),
(626, '8655964@xxx.com', NULL, NULL, NULL),
(627, '17233816@xxx.com', NULL, NULL, NULL),
(628, '60201194@xxx.com', NULL, NULL, NULL),
(629, '49304524@xxx.com', NULL, NULL, NULL),
(630, '65919039@xxx.com', NULL, NULL, NULL),
(631, '81681628@xxx.com', NULL, NULL, NULL),
(632, '10651025@xxx.com', NULL, NULL, NULL),
(633, '8210245@xxx.com', NULL, NULL, NULL),
(634, '9098153@xxx.com', NULL, NULL, NULL),
(635, '20860031@xxx.com', NULL, NULL, NULL),
(636, '77005702@xxx.com', NULL, NULL, NULL),
(637, '22448419@xxx.com', NULL, NULL, NULL),
(638, '81224991@xxx.com', NULL, NULL, NULL),
(639, '38779702@xxx.com', NULL, NULL, NULL),
(640, '50223541@xxx.com', NULL, NULL, NULL),
(641, '34778600@xxx.com', NULL, NULL, NULL),
(642, '23222380@xxx.com', NULL, NULL, NULL),
(643, '11776105@xxx.com', NULL, NULL, NULL),
(644, '89213388@xxx.com', NULL, NULL, NULL),
(645, '10738628@xxx.com', NULL, NULL, NULL),
(646, '86052981@xxx.com', NULL, NULL, NULL),
(647, '98049021@xxx.com', NULL, NULL, NULL),
(648, '32086168@xxx.com', NULL, NULL, NULL),
(649, '66283777@xxx.com', NULL, NULL, NULL),
(650, '35160384@xxx.com', NULL, NULL, NULL),
(651, '76950593@xxx.com', NULL, NULL, NULL),
(652, '79271814@xxx.com', NULL, NULL, NULL),
(653, '65507296@xxx.com', NULL, NULL, NULL),
(654, '89721039@xxx.com', NULL, NULL, NULL),
(655, '52083311@xxx.com', NULL, NULL, NULL),
(656, '91253443@xxx.com', NULL, NULL, NULL),
(657, '17283@xxx.com', NULL, NULL, NULL),
(658, '26326091@xxx.com', NULL, NULL, NULL),
(659, '31578608@xxx.com', NULL, NULL, NULL),
(660, '78914770@xxx.com', NULL, NULL, NULL),
(661, '99838030@xxx.com', NULL, NULL, NULL),
(662, '62445841@xxx.com', NULL, NULL, NULL),
(663, '12715118@xxx.com', NULL, NULL, NULL),
(664, '76238071@xxx.com', NULL, NULL, NULL),
(665, '43045005@xxx.com', NULL, NULL, NULL),
(666, '86510816@xxx.com', NULL, NULL, NULL),
(667, '3419068@xxx.com', NULL, NULL, NULL),
(668, '57562893@xxx.com', NULL, NULL, NULL),
(669, '77557267@xxx.com', NULL, NULL, NULL),
(670, '15097658@xxx.com', NULL, NULL, NULL),
(671, '42816493@xxx.com', NULL, NULL, NULL),
(672, '68789493@xxx.com', NULL, NULL, NULL),
(673, '15497990@xxx.com', NULL, NULL, NULL),
(674, '71121472@xxx.com', NULL, NULL, NULL),
(675, '9113393@xxx.com', NULL, NULL, NULL),
(676, '32202554@xxx.com', NULL, NULL, NULL),
(677, '33672595@xxx.com', NULL, NULL, NULL),
(678, '71755316@xxx.com', NULL, NULL, NULL),
(679, '57758795@xxx.com', NULL, NULL, NULL),
(680, '73528033@xxx.com', NULL, NULL, NULL),
(681, '94363781@xxx.com', NULL, NULL, NULL),
(682, '51234810@xxx.com', NULL, NULL, NULL),
(683, '73082709@xxx.com', NULL, NULL, NULL),
(684, '11709118@xxx.com', NULL, NULL, NULL),
(685, '39297467@xxx.com', NULL, NULL, NULL),
(686, '61359982@xxx.com', NULL, NULL, NULL),
(687, '88907513@xxx.com', NULL, NULL, NULL),
(688, '60457623@xxx.com', NULL, NULL, NULL),
(689, '35565579@xxx.com', NULL, NULL, NULL),
(690, '96455030@xxx.com', NULL, NULL, NULL),
(691, '75578415@xxx.com', NULL, NULL, NULL),
(692, '88526987@xxx.com', NULL, NULL, NULL),
(693, '15899692@xxx.com', NULL, NULL, NULL),
(694, '13917505@xxx.com', NULL, NULL, NULL),
(695, '21888450@xxx.com', NULL, NULL, NULL),
(696, '67689738@xxx.com', NULL, NULL, NULL),
(697, '72783343@xxx.com', NULL, NULL, NULL),
(698, '60847506@xxx.com', NULL, NULL, NULL),
(699, '85887502@xxx.com', NULL, NULL, NULL),
(700, '46894995@xxx.com', NULL, NULL, NULL),
(701, '76812471@xxx.com', NULL, NULL, NULL),
(702, '43377376@xxx.com', NULL, NULL, NULL),
(703, '86449467@xxx.com', NULL, NULL, NULL),
(704, '2115213@xxx.com', NULL, NULL, NULL),
(705, '51227664@xxx.com', NULL, NULL, NULL),
(706, '49792686@xxx.com', NULL, NULL, NULL),
(707, '95280439@xxx.com', NULL, NULL, NULL),
(708, '27024143@xxx.com', NULL, NULL, NULL),
(709, '49279398@xxx.com', NULL, NULL, NULL),
(710, '65324565@xxx.com', NULL, NULL, NULL),
(711, '78784635@xxx.com', NULL, NULL, NULL),
(712, '97949483@xxx.com', NULL, NULL, NULL),
(713, '53393513@xxx.com', NULL, NULL, NULL),
(714, '73119117@xxx.com', NULL, NULL, NULL),
(715, '5415052@xxx.com', NULL, NULL, NULL),
(716, '7717911@xxx.com', NULL, NULL, NULL),
(717, '22344404@xxx.com', NULL, NULL, NULL),
(718, '88568287@xxx.com', NULL, NULL, NULL),
(719, '75808226@xxx.com', NULL, NULL, NULL),
(720, '13336274@xxx.com', NULL, NULL, NULL),
(721, '39256695@xxx.com', NULL, NULL, NULL),
(722, '56274657@xxx.com', NULL, NULL, NULL),
(723, '63603202@xxx.com', NULL, NULL, NULL),
(724, '49192043@xxx.com', NULL, NULL, NULL),
(725, '55150610@xxx.com', NULL, NULL, NULL),
(726, '28176926@xxx.com', NULL, NULL, NULL),
(727, '75432802@xxx.com', NULL, NULL, NULL),
(728, '92633234@xxx.com', NULL, NULL, NULL),
(729, '36867768@xxx.com', NULL, NULL, NULL),
(731, '6439142@xxx.com', NULL, NULL, NULL),
(732, '21592409@xxx.com', NULL, NULL, NULL),
(733, '88644623@xxx.com', NULL, NULL, NULL),
(734, '78445891@xxx.com', NULL, NULL, NULL),
(735, '26295590@xxx.com', NULL, NULL, NULL),
(736, '96140279@xxx.com', NULL, NULL, NULL),
(737, '1814629@xxx.com', NULL, NULL, NULL),
(738, '20652311@xxx.com', NULL, NULL, NULL),
(739, '97817671@xxx.com', NULL, NULL, NULL),
(740, '27131424@xxx.com', NULL, NULL, NULL),
(741, '42204111@xxx.com', NULL, NULL, NULL),
(742, '29626287@xxx.com', NULL, NULL, NULL),
(743, '21519103@xxx.com', NULL, NULL, NULL),
(744, '18716658@xxx.com', NULL, NULL, NULL),
(745, '29025984@xxx.com', NULL, NULL, NULL),
(746, '88979950@xxx.com', NULL, NULL, NULL),
(747, '57821799@xxx.com', NULL, NULL, NULL),
(748, '22169148@xxx.com', NULL, NULL, NULL),
(749, '37380347@xxx.com', NULL, NULL, NULL),
(750, '20394293@xxx.com', NULL, NULL, NULL),
(752, '89830430@xxx.com', NULL, NULL, NULL),
(753, '87969271@xxx.com', NULL, NULL, NULL),
(754, '70355067@xxx.com', NULL, NULL, NULL),
(755, '87867529@xxx.com', NULL, NULL, NULL),
(756, '28272443@xxx.com', NULL, NULL, NULL),
(757, '77759635@xxx.com', NULL, NULL, NULL),
(758, '3980847@xxx.com', NULL, NULL, NULL),
(759, '86625331@xxx.com', NULL, NULL, NULL),
(760, '21184120@xxx.com', NULL, NULL, NULL),
(761, '46044610@xxx.com', NULL, NULL, NULL),
(762, '66670694@xxx.com', NULL, NULL, NULL),
(763, '95219641@xxx.com', NULL, NULL, NULL),
(764, '76086128@xxx.com', NULL, NULL, NULL),
(765, '94771717@xxx.com', NULL, NULL, NULL),
(766, '45600207@xxx.com', NULL, NULL, NULL),
(767, '43685886@xxx.com', NULL, NULL, NULL),
(768, '81628811@xxx.com', NULL, NULL, NULL),
(769, '77086401@xxx.com', NULL, NULL, NULL),
(770, '40545576@xxx.com', NULL, NULL, NULL),
(771, '71468678@xxx.com', NULL, NULL, NULL),
(772, '35706665@xxx.com', NULL, NULL, NULL),
(773, '64127296@xxx.com', NULL, NULL, NULL),
(774, '13516486@xxx.com', NULL, NULL, NULL),
(775, '75200546@xxx.com', NULL, NULL, NULL),
(776, '35453274@xxx.com', NULL, NULL, NULL),
(777, '51664738@xxx.com', NULL, NULL, NULL),
(778, '51963868@xxx.com', NULL, NULL, NULL),
(779, '4825129@xxx.com', NULL, NULL, NULL),
(780, '68234044@xxx.com', NULL, NULL, NULL),
(781, '26694835@xxx.com', NULL, NULL, NULL),
(782, '28772048@xxx.com', NULL, NULL, NULL),
(783, '63775736@xxx.com', NULL, NULL, NULL),
(784, '32562540@xxx.com', NULL, NULL, NULL),
(785, '71485497@xxx.com', NULL, NULL, NULL),
(786, '59739867@xxx.com', NULL, NULL, NULL),
(787, '84242845@xxx.com', NULL, NULL, NULL),
(788, '41994628@xxx.com', NULL, NULL, NULL),
(789, 'some@email.address', NULL, NULL, NULL);

-- --------------------------------------------------------

--
-- Table structure for table `vwExchange_students`
--

CREATE TABLE IF NOT EXISTS `vwExchange_students` (
  `id_user` int(10) unsigned DEFAULT NULL,
  `email` varchar(100) DEFAULT NULL,
  `first_name` varchar(45) DEFAULT NULL,
  `last_name` varchar(45) DEFAULT NULL,
  `country` varchar(44) DEFAULT NULL,
  `faculty` varchar(38) DEFAULT NULL,
  `dormitory` varchar(45) DEFAULT NULL
) ENGINE=InnoDB DEFAULT CHARSET=latin1;

--
-- Constraints for dumped tables
--

--
-- Constraints for table `arrivals`
--
ALTER TABLE `arrivals`
  ADD CONSTRAINT `fk_exchange_students` FOREIGN KEY (`id_user`) REFERENCES `exchange_students` (`id_user`) ON DELETE CASCADE ON UPDATE CASCADE,
  ADD CONSTRAINT `fk_transportations` FOREIGN KEY (`id_transportation`) REFERENCES `transportation` (`id_transportation`) ON UPDATE CASCADE;

--
-- Constraints for table `buddies`
--
ALTER TABLE `buddies`
  ADD CONSTRAINT `buddies_ibfk_2` FOREIGN KEY (`id_faculty`) REFERENCES `faculties` (`id_faculty`) ON UPDATE CASCADE,
  ADD CONSTRAINT `fk_people` FOREIGN KEY (`id_user`) REFERENCES `people` (`id_user`) ON DELETE CASCADE ON UPDATE CASCADE;

--
-- Constraints for table `exchange_students`
--
ALTER TABLE `exchange_students`
  ADD CONSTRAINT `fk_accommodation` FOREIGN KEY (`id_accommodation`) REFERENCES `accommodation` (`id_accommodation`) ON UPDATE CASCADE,
  ADD CONSTRAINT `fk_buddies` FOREIGN KEY (`id_buddy`) REFERENCES `buddies` (`id_user`) ON DELETE SET NULL ON UPDATE CASCADE,
  ADD CONSTRAINT `fk_countries` FOREIGN KEY (`id_country`) REFERENCES `countries` (`id_country`) ON UPDATE CASCADE,
  ADD CONSTRAINT `fk_faculties` FOREIGN KEY (`id_faculty`) REFERENCES `faculties` (`id_faculty`) ON UPDATE CASCADE,
  ADD CONSTRAINT `fk_people2` FOREIGN KEY (`id_user`) REFERENCES `people` (`id_user`) ON DELETE CASCADE ON UPDATE CASCADE;

--
-- Constraints for table `people`
--
ALTER TABLE `people`
  ADD CONSTRAINT `fk_people_users1` FOREIGN KEY (`id_user`) REFERENCES `users` (`id_user`) ON DELETE CASCADE ON UPDATE CASCADE;

--
-- Constraints for table `semesters_has_exchange_students`
--
ALTER TABLE `semesters_has_exchange_students`
  ADD CONSTRAINT `fk_semesters` FOREIGN KEY (`id_semester`) REFERENCES `semesters` (`id_semester`) ON UPDATE CASCADE,
  ADD CONSTRAINT `fk_students` FOREIGN KEY (`id_user`) REFERENCES `exchange_students` (`id_user`) ON DELETE CASCADE ON UPDATE CASCADE;

--
-- Constraints for table `trip_registrations`
--
ALTER TABLE `trip_registrations`
  ADD CONSTRAINT `fk_students2` FOREIGN KEY (`id_user`) REFERENCES `people` (`id_user`) ON DELETE CASCADE ON UPDATE CASCADE,
  ADD CONSTRAINT `fk_trips` FOREIGN KEY (`id_trip`) REFERENCES `trips` (`id_trip`) ON DELETE CASCADE ON UPDATE CASCADE;

/*!40101 SET CHARACTER_SET_CLIENT=@OLD_CHARACTER_SET_CLIENT */;
/*!40101 SET CHARACTER_SET_RESULTS=@OLD_CHARACTER_SET_RESULTS */;
/*!40101 SET COLLATION_CONNECTION=@OLD_COLLATION_CONNECTION */;
